Company,Industry,Paid Maternity Leave,Unpaid Maternity Leave,Paid Paternity Leave,Unpaid Paternity Leave
Epsilon,Advertising,6,6,6,6
The Walt Disney Company,Arts & Entertainment,5,4,4.5,4
Guild Education,Business Services: Other,14,0,8,4
WeWork,Business Services: Other,14,2,16,4
Randstad USA,Business Services: Staffing & Outsourcing,5,7,0,0
Bain & Company,Consulting Services,20.5,5,21,5
World 50,Consulting Services,8,12,1,12
"ConAgra Foods, Inc.",Consumer Packaged Goods: Packaged Foods,6,6,2,6
Anduril Industries,Defense & Space,16,0,16,0
Northrop Grumman,Defense & Space,3,12,2,12
The University of Vermont,Educational Services: College & Universities,0,12,0,12
Belden,Electronics: Manufacturing,0,12,0,12
Motorola Solutions,Electronics: Manufacturing,6,7.5,0,6
MFS Investment Management,Finance: Asset Management,16,2,12,0
PIMCO,Finance: Asset Management,12,12,3,12
Sandia National Laboratories,Government: Contractor,6,6,6,6
Los Angeles County,Government: County,0,12,0,12
Federal Reserve Bank of Chicago,Government: Federal,12,0,6,0
Southern Health Partners,Healthcare: Diversified,4,8,2,2
Denver Health Medical Center,Healthcare: Hospitals & Clinics,2.5,10.5,0,12
Kohler Co.,Industrial: Equipment Manufacturing,6,6,2,12
UnitedHealth Group,Insurance: Health,4,8,5,4
TEGNA,Media: Television,12,12,2,12
BHP Billiton Ltd.,Natural Resources: Metals & Mining,18,34,2,8
Roman Catholic Archdiocese of Philadelphia,Nonprofit: Religious,0,12,0,12
Bristol Myers Squibb,Pharmaceutical,15,0,8,16
Walgreens,Pharmacies & Drug Stores,6,3,8,24
Invitation Homes,Real Estate,6,6,6,3
Cushman & Wakefield,Real Estate: Development & Management,9,0,6,6
"L Brands, Inc.","Retail: Shoes, Accessories and Apparel",14,0,6,6
Chronosphere,Technology: B2B Tech Services,16,8,16,8
Dropbox,Technology: Consumer Internet,24,0,24,24
Fairygodboss Inc.,Technology: Consumer Internet,12,0,21,3
SiriusXM & Pandora,Technology: Consumer Internet,14,0,14,2
Stack Overflow,Technology: Consumer Internet,16,0,16,8
Electronic Arts,Technology: Gaming,11,12,11,12
Ginkgo Bioworks,Technology: Research,12,0,2,0
Avalara,Technology: Software,12,15,12,12
Cornerstone OnDemand,Technology: Software,14,0,6,12
"ExamSoft Worldwide, Inc.",Technology: Software,4,12,2,12
Medidata Solutions,Technology: Software,16,24,16,24
"Sulzer US, LLC",Technology: Software,4,12,2,12
Thryv,Technology: Software,0,3,0,0
T-Mobile,Telecommunications,7.5,3,3,4
CBIZ,Accounting Services,3.5,6,1,N/A
CliftonLarsonAllen,Accounting Services,9.5,6,6,N/A
Forvis,Accounting Services,12,N/A,2,12
Grant Thornton,Accounting Services,51,51,51,N/A
RSM US,Accounting Services,12,0,7,N/A
LiveRamp,Advertising,16,6,16,N/A
Boeing,Aerospace,12,9,12,N/A
Cessna Aircraft Company,Aerospace,8,10,12,N/A
Collins Aerospace,Aerospace,12,0,4,N/A
Collins Aerospace,Aerospace,4,12,4,N/A
Lockheed Martin Corporation,Aerospace,6,1,4,N/A
FCA US LLC,Automotive: Manufacturers,7.5,1,6,N/A
Ford Motor Company,Automotive: Manufacturers,12,0,8,N/A
General Motors,Automotive: Manufacturers,12,12,12,N/A
Toyota North America,Automotive: Manufacturers,6,1.5,0,N/A
Johnson Controls,Automotive: Parts Manufacturing,6,6,0,N/A
ADP,Business Services: Human Resources,6,6,16,N/A
IHS Markit Ltd.,Business Services: Other,26,13,2,N/A
Samsung Research America,Business Services: Other,6,0,6,N/A
Adecco Group North America,Business Services: Staffing & Outsourcing,12,6,0,N/A
CGI,Business Services: Technology Solutions,8,0,2,N/A
Paychex,Business Services: Technology Solutions,9,3,6,N/A
"Ecolab, Inc.",Conglomerate,9,0,6,N/A
Siemens,Conglomerate,6,0.5,2,N/A
84.51�,Consulting Services,12,0,4,N/A
Boston Consulting Group,Consulting Services,16,0,8,N/A
Deloitte,Consulting Services,16,4,9,N/A
KPMG,Consulting Services,12,10,12,N/A
McKinsey & Company,Consulting Services,16,26,8,N/A
Pariveda,Consulting Services,6,0,6,N/A
Protiviti,Consulting Services,9,0,10,N/A
Slalom,Consulting Services,14,0,4,N/A
Campari America,Consumer Packaged Goods: Beverages,12,N/A,12,6
Miller Coors,Consumer Packaged Goods: Beverages,16,34,16,N/A
General Mills,Consumer Packaged Goods: Packaged Foods,18,12,12,N/A
"Mondelez International, Inc.",Consumer Packaged Goods: Packaged Foods,6,9.5,6,N/A
Johnson & Johnson,Consumer Packaged Goods: Packaged Products,16,24,8,N/A
Reckitt Benckiser,Consumer Packaged Goods: Packaged Products,21,31,16,N/A
Unilever,Consumer Packaged Goods: Packaged Products,16,4,8,N/A
Hasbro Inc.,Consumer Packaged Goods: Toys & Baby Products,18,18,N/A,13
L'Or�al USA,Cosmetics,12,0,8,N/A
Raytheon Technologies,Defense & Space,7.5,3,3,N/A
Rice University,Educational Services: College & Universities,6,6,0,N/A
University of Minnesota,Educational Services: College & Universities,6,6,6,N/A
Walden University,Educational Services: College & Universities,6,6,1,N/A
Cengage Learning,Educational Services: E-Learning,12,0,12,N/A
Samsung Electronics,Electronics: Manufacturing,2,12,2,N/A
Apollo Global Management,Finance: Asset Management,16,N/A,2,0
Capital Group,Finance: Asset Management,12,0,18,N/A
Merrill,Finance: Asset Management,11,6,16,N/A
Discover Financial Services,Finance: Credit & Fund Services,16,0,2,N/A
Mastercard,Finance: Credit & Fund Services,16,0,16,N/A
Ally Financial,Finance: Diversified,12,0,12,N/A
Ameriprise Financial,Finance: Diversified,12,4,2,N/A
Charles Schwab,Finance: Diversified,8,6,6,N/A
Citigroup,Finance: Diversified,16,4,4.5,N/A
Deutsche Bank,Finance: Diversified,16,5,16,N/A
DTCC,Finance: Diversified,16,4,16,N/A
Goldman Sachs,Finance: Diversified,20,3,20,N/A
Macquarie Group,Finance: Diversified,16,0,6,N/A
Northern Trust,Finance: Diversified,10,6,10,N/A
Raymond James,Finance: Diversified,16,0,4,N/A
RBC Wealth Management,Finance: Diversified,11.5,10,4,N/A
Silicon Valley Bank,Finance: Diversified,12,0,12,N/A
UBS,Finance: Diversified,24,24,20,N/A
Wells Fargo,Finance: Diversified,16,5,4,N/A
William Blair,Finance: Diversified,18,0,2,N/A
SoFi,Finance: Loans,4,5,2,N/A
PNC Financial Services Group,Finance: Personal & Commercial Banking,12,0,6,N/A
TD Bank,Finance: Personal & Commercial Banking,16,13,16,N/A
TIAA Bank,Finance: Personal & Commercial Banking,28,0,16,N/A
OECD,Government: International,14,0,4,N/A
Banfield Pet Hospital,Healthcare: Animal Health,6,12,4,N/A
Illumina,Healthcare: Biotechnology,6,3,6,N/A
Thermo Fisher Scientific,Healthcare: Biotechnology,11.5,1,3,N/A
CVS Health,Healthcare: Diversified,4,4,4,N/A
Fresenius,Healthcare: Diversified,4,12,0,N/A
Aurora Health Care,Healthcare: Hospitals & Clinics,0,12,N/A,0
Mayo Clinic,Healthcare: Hospitals & Clinics,5,6.5,0,N/A
"Universal Health Services, Inc.",Healthcare: Hospitals & Clinics,0,12,0,N/A
University of Pittsburgh Medical Center,Healthcare: Hospitals & Clinics,2,6,2,N/A
Quest Diagnostics,Healthcare: Laboratory Testing,6,0,N/A,0
"Becton, Dickinson and Company",Healthcare: Medical Devices,6,12,6,N/A
Medtronic,Healthcare: Medical Devices,12,2,0,N/A
Zimmer Biomet,Healthcare: Medical Devices,8,4,6,N/A
Flatiron Health,Healthcare: Telemedicine,30,15,30,N/A
Choice Hotels,Hospitality: Hotels,12,0,4,N/A
Marriott International,Hospitality: Hotels,8,8,8,N/A
McDonald's,Hospitality: Restaurants,12,12,N/A,29
Starbucks,Hospitality: Restaurants,6,9,6,N/A
Perkins + Will,Industrial: Architecture & Design,4,0,4,N/A
Owens Corning,Industrial: Building Materials Manufacturing,4,4,N/A,2
Power Home Remodeling,Industrial: Construction Company,12,0,3,N/A
3M,Industrial: Diversified,10,10,N/A,10
Parker Hannifin,Industrial: Diversified,4,8,0,N/A
BEUMER Group,Industrial: Equipment Manufacturing,4,0,4,N/A
Caterpillar,Industrial: Equipment Manufacturing,5,6,4,N/A
CNH Industrial America,Industrial: Equipment Manufacturing,6,6,4,N/A
Cummins,Industrial: Equipment Manufacturing,12,10,6,N/A
Hilti Corporation,Industrial: Equipment Manufacturing,12,2,4,N/A
nVent,Industrial: Equipment Manufacturing,6,0,6,N/A
Rockwell Automation,Industrial: Equipment Manufacturing,6,9,6,N/A
McMaster-Carr,Industrial: Other,16,4,4,N/A
Argus Media,Information Services: Diversified,8,12,1,N/A
LAC-Group,Information Services: Diversified,32.5,0,35,N/A
S&P Global,Information Services: Financial,18,0,23,N/A
DXC Technology,Information Services: Technology,9,36,1,N/A
Forrester Research,Information Services: Technology,15,6,2,N/A
General Dynamics Information Technology,Information Services: Technology,2,19,1,N/A
AON,Insurance: Diversified,8,8,6,N/A
Aetna,Insurance: Health,12,12,4,N/A
Health Care Service Corporation,Insurance: Health,6,3,N/A,6
Highmark Inc.,Insurance: Health,6,4,N/A,4
Humana,Insurance: Health,6,6,6,N/A
Kaiser Permanente,Insurance: Health,3,3,0,N/A
Combined Insurance,Insurance: Life,15,3,N/A,0
Root Insurance,Insurance: Property & Casualty,12,0,12,N/A
State Farm,Insurance: Property & Casualty,9,0,6,N/A
The Hanover Insurance Group,Insurance: Property & Casualty,8,4,2,N/A
Holland & Knight LLP,Law Firm,4,8,6,N/A
"Orrick, Herrington & Sutcliffe LLP",Law Firm,23,2,16,N/A
Expedia Group,"Leisure, Travel & Tourism",18,4,12,N/A
WarnerMedia,Media: Diversified,9,2,6,N/A
Cargill,Natural Resources: Agriculture and Food Processing,12,0,4,N/A
Air Liquide,Natural Resources: Chemicals,14,N/A,6,0
Dow,Natural Resources: Chemicals,12,0,N/A,16
Ineos,Natural Resources: Chemicals,6.5,9,0,N/A
Ingevity Corporation,Natural Resources: Chemicals,10,1,4,N/A
PolyOne Corporation,Natural Resources: Chemicals,6,12,6,N/A
Consumers Energy,Natural Resources: Electric & Gas Utility,6,0,16,N/A
NextEra Energy,Natural Resources: Electric Power Generation,3,9,0,N/A
Chevron,Natural Resources: Oil & Gas,12,26,8,N/A
Phillips 66,Natural Resources: Oil & Gas,9,12,2,N/A
Range Resources,Natural Resources: Oil & Gas,9,6,2,N/A
American Water,Natural Resources: Renewables & Environment,2,0,N/A,12
Make-A-Wish Foundation,Nonprofit: Charity,6,12,0,N/A
Wikimedia Foundation,Nonprofit: Education,12,5,7,N/A
Girl Scouts of the USA,Nonprofit: Human Rights Advocacy,6,0,6,N/A
RAND Corporation,Nonprofit: Public Policy,5.5,0,3,N/A
The MITRE Corporation,Nonprofit: Research,7,0,2,N/A
Abbott Nutrition,Pharmaceutical,8,16,2,N/A
GlaxoSmithKline,Pharmaceutical,14,0,8,N/A
McKesson,Pharmaceutical,6,0,6,N/A
Vertex Pharmaceuticals,Pharmaceutical,16,0,8,N/A
Bill and Melinda Gates Foundation,Philanthropy,26,11,26,N/A
MOO,Printing,2,40,2,N/A
Elsevier,Publishing,39,0.5,1,N/A
Wiley Publishing,Publishing,6,6,4,N/A
Bidwells LLP,Real Estate: Other,14,38,2,N/A
Realtor.com,Real Estate: Other,20,0,4,N/A
Kohl's,Retail: Department Store,6,9,4,N/A
Home Depot,Retail: Furniture & Home Improvement,6,6,6,N/A
Wayfair,Retail: Furniture & Home Improvement,12,2,4,N/A
Columbia Sportswear,"Retail: Shoes, Accessories and Apparel",4,8,6,N/A
Luxottica Group SpA,"Retail: Shoes, Accessories and Apparel",8.5,6,2,N/A
Target,"Retail: Shoes, Accessories and Apparel",6,6,4,N/A
Meijer,Retail: Supermarket Company,5,3,4,N/A
Publix Super Markets,Retail: Supermarket Company,2,6.5,N/A,0
Athenahealth,Technology: B2B Tech Services,12,0,6,N/A
CDW Corporation,Technology: B2B Tech Services,6,4,2,N/A
Cerner Corporation,Technology: B2B Tech Services,12,0,4,N/A
Elastic,Technology: B2B Tech Services,16,0,16,N/A
Equinix,Technology: B2B Tech Services,8,4,8,N/A
Hewlett Packard Enterprise,Technology: B2B Tech Services,26,6,26,N/A
Tata Consultancy Services,Technology: B2B Tech Services,24,N/A,1,4
Amazon,Technology: Consumer Internet,12,0,6,N/A
Angie's List,Technology: Consumer Internet,11,6,6,N/A
Birchbox,Technology: Consumer Internet,14,0,12,N/A
Box,Technology: Consumer Internet,18,1,12,N/A
eBay,Technology: Consumer Internet,12,0,12,N/A
Glassdoor,Technology: Consumer Internet,20,0,12,N/A
Google,Technology: Consumer Internet,24,0,18,N/A
Indeed,Technology: Consumer Internet,16,0,16,N/A
LinkedIn,Technology: Consumer Internet,20,4,12,N/A
Tinder,Technology: Consumer Internet,18,0,18,N/A
Uber,Technology: Consumer Internet,18,0,18,N/A
FIS Global,Technology: Financial Services,6,0,6,N/A
Jack Henry,Technology: Financial Services,8,7,2,N/A
Personal Capital,Technology: Financial Services,2,0,6,N/A
Zwift,Technology: Gaming,12,6,12,N/A
Zynga,Technology: Gaming,26,0,18,N/A
Apple,Technology: Manufacturing,14,6,4,N/A
Cisco,Technology: Manufacturing,13,2,0,N/A
Dell Technologies,Technology: Manufacturing,12,0,12,N/A
Garmin,Technology: Manufacturing,2,12,N/A,0
IBM,Technology: Manufacturing,12,0,12,N/A
Intel Corporation,Technology: Manufacturing,8,12,7.5,N/A
Western Digital,Technology: Manufacturing,8,0,12,N/A
VISA,Technology: Payments,13,8,10,N/A
Waters Corporation,Technology: Research,8,4,1,N/A
Forcepoint,Technology: Security,12,3,6,N/A
Tanium,Technology: Security,16,0,8,N/A
Addepar,Technology: Software,19,0,10,N/A
Adobe Systems,Technology: Software,17,15,16,N/A
Appian,Technology: Software,16,0,12,N/A
"Calabrio, Inc.",Technology: Software,3,3,0,N/A
Epic Systems,Technology: Software,2,11,2,N/A
FactSet,Technology: Software,16,0,4,N/A
GitHub,Technology: Software,20,4,20,N/A
Klaviyo,Technology: Software,16,0,16,N/A
Mindbody,Technology: Software,12,2,N/A,18
NexJ Systems Inc.,Technology: Software,13,52,13,N/A
Pegasystems Inc.,Technology: Software,12,6,4,N/A
Qualitest Group,Technology: Software,26,0,0,N/A
Salesforce,Technology: Software,26,0,26,N/A
ServiceNow,Technology: Software,20,0,12,N/A
Slack Technologies,Technology: Software,20,0,12,N/A
UKG,Technology: Software,12,0,4,N/A
Workiva,Technology: Software,12,8,12,N/A
"Zendesk, Inc",Technology: Software,11,2,10.5,N/A
DISH,Telecommunications,0,12,0,N/A
Lumen,Telecommunications,12,1,6,N/A
Spectrum,Telecommunications,6,6,2,N/A
Verizon,Telecommunications,8,4,8,N/A
Viasat,Telecommunications,16,0,9,N/A
Zoom,Telecommunications,11,6,16,N/A
FedEx,Transportation: Couriers & Delivery,2,28,2,N/A
Instacart,Transportation: Couriers & Delivery,16,4,12,N/A
C.H. Robinson,Transportation: Freight & Logistics,2,6,2,N/A
Virgin Hyperloop One,Transportation: Rail,16,2,16,N/A
ClassPass,Wellness & Fitness,14,12,4,N/A
Sysco,Wholesale,6,6,0,N/A
US Foods,Wholesale,6,6,2,N/A
BerryDunn,Accounting Services,6,6,N/A,N/A
Crowe,Accounting Services,6,0,N/A,N/A
Eisneramper,Accounting Services,8,12,N/A,N/A
Fathom,Accounting Services,12,0,N/A,N/A
Kearney & Company,Accounting Services,4,0,N/A,N/A
Marcum LLP,Accounting Services,8,8,N/A,N/A
Myers & Stauffer LC,Accounting Services,8,52,N/A,N/A
Ryan LLC,Accounting Services,14,6,N/A,N/A
Acceleration Partners,Advertising,6,6,N/A,N/A
AdTheorent,Advertising,6,0,N/A,N/A
Affinion Group,Advertising,4,4,N/A,N/A
Ampersand,Advertising,12,0,N/A,N/A
Ansira,Advertising,12,0,N/A,N/A
BBDO,Advertising,3,12,N/A,N/A
Cares Pro LLC,Advertising,10,10,N/A,N/A
Code And Theory,Advertising,4,0,N/A,N/A
Constant Contact,Advertising,12,0,N/A,N/A
Conversant Media,Advertising,12,4,N/A,N/A
Create NYC,Advertising,8,0,N/A,N/A
DIGO,Advertising,6,9,N/A,N/A
Essence Digital,Advertising,1,0,N/A,N/A
Goodway Group,Advertising,12,0,N/A,N/A
Hawkeye Agency,Advertising,11,1,N/A,N/A
Hill Holliday,Advertising,12,0,N/A,N/A
Hirshorn Zuckerman Design Group,Advertising,2,12,N/A,N/A
Hootsuite,Advertising,36,36,N/A,N/A
Huge Inc,Advertising,12,24,N/A,N/A
Launch Potato,Advertising,8,8,N/A,N/A
Media Directions Advertising,Advertising,1,1,N/A,N/A
MediaCom,Advertising,12,0,N/A,N/A
Monigle,Advertising,6,6,N/A,N/A
National Cinemedia,Advertising,4,8,N/A,N/A
News America Marketing,Advertising,12,12,N/A,N/A
Ogilvy,Advertising,48,4,N/A,N/A
Omnicom Media Group,Advertising,2,10,N/A,N/A
PGR Media,Advertising,12,0,N/A,N/A
Pico,Advertising,13,0,N/A,N/A
R/GA,Advertising,12,0,N/A,N/A
Radancy,Advertising,3,9,N/A,N/A
Radius Intelligence,Advertising,12,0,N/A,N/A
ReachLocal,Advertising,6,0,N/A,N/A
Saatchi & Saatchi,Advertising,4.5,14,N/A,N/A
SapientRazorfish,Advertising,6,4,N/A,N/A
SmartBug Media,Advertising,4,2,N/A,N/A
Spectrum Science,Advertising,13,13,N/A,N/A
Stage Marketing,Advertising,4,8,N/A,N/A
Tag Worldwide,Advertising,6,6,N/A,N/A
The Richards Group,Advertising,12,0,N/A,N/A
UNiDAYS,Advertising,20,0,N/A,N/A
VaynerMedia,Advertising,7,12,N/A,N/A
Wavemaker,Advertising,9,2,N/A,N/A
Wunderman DC,Advertising,24,0,N/A,N/A
Zenith Media,Advertising,3,9,N/A,N/A
AMG Research,Advertising: Market Research,4,12,N/A,N/A
eMarketer,Advertising: Market Research,12,0,N/A,N/A
Hanover Research,Advertising: Market Research,12,6,N/A,N/A
Acubed,Aerospace,12,1,N/A,N/A
Honeywell Aerospace,Aerospace,16,0,N/A,N/A
Pratt & Whitney,Aerospace,12,12,N/A,N/A
SpaceX,Aerospace,8,10,N/A,N/A
Boston Ballet,Arts & Entertainment,12,12,N/A,N/A
Creative Artists Agency,Arts & Entertainment,12,N/A,12,N/A
Disney Streaming Services,Arts & Entertainment,12,10,N/A,N/A
GoDigital Media Group,Arts & Entertainment,0,N/A,0,N/A
LaneOne,Arts & Entertainment,6,0,N/A,N/A
Live Nation,Arts & Entertainment,24,12,N/A,N/A
Camping World,Automotive: Dealers,8,0,N/A,N/A
Young Automotive Group,Automotive: Dealers,3,12,N/A,N/A
Aptiv PLC,Automotive: Manufacturers,6,14,N/A,N/A
Mercedes-Benz Research & Development North America,Automotive: Manufacturers,24,0,N/A,N/A
Advance Auto Parts,Automotive: Parts,8,4,N/A,N/A
Bendix Commercial Vehicle Systems,Automotive: Parts Manufacturing,6,0,N/A,N/A
Bridgestone Corporation,Automotive: Parts Manufacturing,8,0,N/A,N/A
Continental,Automotive: Parts Manufacturing,4,4,N/A,N/A
"Donaldson Company, Inc.",Automotive: Parts Manufacturing,0,12,N/A,N/A
Michelin,Automotive: Parts Manufacturing,12,0,N/A,N/A
Valvoline,Automotive: Products & Services,4,0,N/A,N/A
Aramark,Business Services: Food & Hospitality,2,10,N/A,N/A
Cintas Corporation,Business Services: Food & Hospitality,12,12,N/A,N/A
ADP Canada Inc,Business Services: Human Resources,26,4,N/A,N/A
ADP India,Business Services: Human Resources,25,25,N/A,N/A
ADP Philippines,Business Services: Human Resources,6.5,0,N/A,N/A
ADP UK,Business Services: Human Resources,36,12,N/A,N/A
ACA Compliance Group,Business Services: Other,4,8,N/A,N/A
"BDO USA, LLP",Business Services: Other,9,3,N/A,N/A
Brabo Payroll,Business Services: Other,13,13,N/A,N/A
Cardlytics,Business Services: Other,12,0,N/A,N/A
Cians Analytics,Business Services: Other,26,26,N/A,N/A
CoStar Group,Business Services: Other,6,6,N/A,N/A
Deluxe Corporation,Business Services: Other,8,0,N/A,N/A
EveryDay Labs,Business Services: Other,12,0,N/A,N/A
Flexport,Business Services: Other,16,0,N/A,N/A
LexisNexis Risk Solutions Group,Business Services: Other,6,6,N/A,N/A
LGC Standards,Business Services: Other,12,0,N/A,N/A
"LOTH, Inc.",Business Services: Other,10,0,N/A,N/A
MIC Global Services,Business Services: Other,6,12,N/A,N/A
Moody's Analytics,Business Services: Other,12,0,N/A,N/A
Nuclear Energy Institute,Business Services: Other,12,0,N/A,N/A
SmithBucklin,Business Services: Other,2,10,N/A,N/A
The Larkin Company,Business Services: Other,12,12,N/A,N/A
Ticketmaster,Business Services: Other,23,12,N/A,N/A
UL LLC,Business Services: Other,13.5,15.5,N/A,N/A
United States Chamber of Commerce,Business Services: Other,8,12,N/A,N/A
247 Private Security,Business Services: Security,0,0,N/A,N/A
Allied Universal,Business Services: Security,5,21,N/A,N/A
Vivint,Business Services: Security,6,6,N/A,N/A
24-7 Intouch,Business Services: Staffing & Outsourcing,0,N/A,0,N/A
"Aerotek, Inc.",Business Services: Staffing & Outsourcing,7,10,N/A,N/A
Beetroot,Business Services: Staffing & Outsourcing,6,52,N/A,N/A
Caastle,Business Services: Staffing & Outsourcing,12,4,N/A,N/A
Concurrent HRO,Business Services: Staffing & Outsourcing,2,2,N/A,N/A
Cyberbacker PH,Business Services: Staffing & Outsourcing,5,2,N/A,N/A
Daversa Partners,Business Services: Staffing & Outsourcing,12,0,N/A,N/A
Hays,Business Services: Staffing & Outsourcing,4,8,N/A,N/A
Kforce,Business Services: Staffing & Outsourcing,1,0,N/A,N/A
Manpower,Business Services: Staffing & Outsourcing,20,0,N/A,N/A
Marketsource,Business Services: Staffing & Outsourcing,1,11,N/A,N/A
MarketStar,Business Services: Staffing & Outsourcing,6,6,N/A,N/A
Maxim Healthcare Services,Business Services: Staffing & Outsourcing,5,0,N/A,N/A
nFuzion,Business Services: Staffing & Outsourcing,4,0,N/A,N/A
Norwin Technologies,Business Services: Staffing & Outsourcing,2,0,N/A,N/A
Populus Group,Business Services: Staffing & Outsourcing,12,12,N/A,N/A
Randstad Sourceright,Business Services: Staffing & Outsourcing,39,13,N/A,N/A
Recruitics,Business Services: Staffing & Outsourcing,9,4,N/A,N/A
Robert Half,Business Services: Staffing & Outsourcing,6,4,N/A,N/A
Rochester Telemessaging Center,Business Services: Staffing & Outsourcing,3,12,N/A,N/A
Search Solution Group,Business Services: Staffing & Outsourcing,12,6,N/A,N/A
TaskUs,Business Services: Staffing & Outsourcing,6,0,N/A,N/A
WilsonHCG,Business Services: Staffing & Outsourcing,26,26,N/A,N/A
Alight Solutions,Business Services: Technology Solutions,8,2,N/A,N/A
Allied Telecom Group,Business Services: Technology Solutions,10,0,N/A,N/A
Bazaarvoice,Business Services: Technology Solutions,12,0,N/A,N/A
Broadridge Financial Solutions Group,Business Services: Technology Solutions,10.5,18,N/A,N/A
CareDox,Business Services: Technology Solutions,12,1,N/A,N/A
Clever Devices,Business Services: Technology Solutions,4,4,N/A,N/A
Galois,Business Services: Technology Solutions,16,12,N/A,N/A
Paya,Business Services: Technology Solutions,5,7,N/A,N/A
Pitney Bowes,Business Services: Technology Solutions,8,0,N/A,N/A
Sprinklr,Business Services: Technology Solutions,14,0,N/A,N/A
Taulia Inc.,Business Services: Technology Solutions,16,8,N/A,N/A
Thoughtworks,Business Services: Technology Solutions,12,0,N/A,N/A
TodayTix,Business Services: Technology Solutions,12,0,N/A,N/A
Sysdig,Computer & Network Security,13,0,N/A,N/A
Miro,Computer Software,12,N/A,6,N/A
General Electric,Conglomerate,12,0,N/A,N/A
Growmark,Conglomerate,2,12,N/A,N/A
Koch Industries,Conglomerate,6,6,N/A,N/A
Newell Brands,Conglomerate,12,3,N/A,N/A
"Reliance Industries, Ltd",Conglomerate,52,24,N/A,N/A
Siemens Industry Automation and Drive Technologies,Conglomerate,9.5,0,N/A,N/A
Textron Inc.,Conglomerate,2,0,N/A,N/A
Accenture,Consulting Services,16,2,N/A,N/A
Alvarez & Marsal,Consulting Services,12,0,N/A,N/A
Arc Aspicio,Consulting Services,6,13,N/A,N/A
Artemis Connection,Consulting Services,10,29,N/A,N/A
AustinCSI,Consulting Services,4,0,N/A,N/A
BSR (Business for Social Responsibility),Consulting Services,5,2,N/A,N/A
Capco,Consulting Services,18,52,N/A,N/A
Capgemini,Consulting Services,14,4,N/A,N/A
Credera,Consulting Services,6,0,N/A,N/A
Dalberg,Consulting Services,26,26,N/A,N/A
Dexis Consulting Group,Consulting Services,5,0,N/A,N/A
FTI Consulting,Consulting Services,16,12,N/A,N/A
GHD Group Pty Ltd,Consulting Services,6,12,N/A,N/A
Guidehouse,Consulting Services,9,17,N/A,N/A
Heidrick & Struggles,Consulting Services,16,12,N/A,N/A
Indigo Ag,Consulting Services,12,0,N/A,N/A
Intentional Futures,Consulting Services,8,6,N/A,N/A
Jasper Colin Research,Consulting Services,24,18,N/A,N/A
Macro Consultants LLC,Consulting Services,8,12,N/A,N/A
Mead & Hunt,Consulting Services,16,10,N/A,N/A
MSA Worldwide,Consulting Services,8,0,N/A,N/A
MTX Group Inc,Consulting Services,52,0,N/A,N/A
Navigant Consulting,Consulting Services,6,6,N/A,N/A
Novantas Inc.,Consulting Services,6,0,N/A,N/A
NTT DATA Services,Consulting Services,6,12,N/A,N/A
O.C. Tanner,Consulting Services,6,12,N/A,N/A
OC&C Strategy Consultants,Consulting Services,26,26,N/A,N/A
Oliver Wyman,Consulting Services,18,6,N/A,N/A
"Perficient, Inc.",Consulting Services,4,4,N/A,N/A
PwC,Consulting Services,16,4,N/A,N/A
Resource Systems Group,Consulting Services,4,12,N/A,N/A
Search Discovery,Consulting Services,7,6,N/A,N/A
Stride Consulting,Consulting Services,3,7,N/A,N/A
"TCG, Inc",Consulting Services,3,16,N/A,N/A
True Group,Consulting Services,6,12,N/A,N/A
West Monroe,Consulting Services,12,0,N/A,N/A
ZS,Consulting Services,16,12,N/A,N/A
Anheuser-Busch InBev,Consumer Packaged Goods: Beverages,26,0,N/A,N/A
Beam Suntory,Consumer Packaged Goods: Beverages,26,0,N/A,N/A
Boston Beer Company,Consumer Packaged Goods: Beverages,3,10,N/A,N/A
Molson Coors Brewing Company,Consumer Packaged Goods: Beverages,14,0,N/A,N/A
Nestle Waters,Consumer Packaged Goods: Beverages,14,10,N/A,N/A
PepsiCo,Consumer Packaged Goods: Beverages,6,6,N/A,N/A
Pernod Ricard,Consumer Packaged Goods: Beverages,12,0,N/A,N/A
Ranch Rider Spirits,Consumer Packaged Goods: Beverages,10,0,N/A,N/A
The Coca-Cola Company,Consumer Packaged Goods: Beverages,12,0,N/A,N/A
Total Wine & More,Consumer Packaged Goods: Beverages,8,N/A,4,N/A
 Braum's Ice Cream & Dairy Store,Consumer Packaged Goods: Packaged Foods,3,1,N/A,N/A
Ajinomoto,Consumer Packaged Goods: Packaged Foods,9,12,N/A,N/A
Bimbo Bakeries USA,Consumer Packaged Goods: Packaged Foods,8,24,N/A,N/A
Campbell Soup Company,Consumer Packaged Goods: Packaged Foods,10,0,N/A,N/A
Frito-Lay,Consumer Packaged Goods: Packaged Foods,6,6,N/A,N/A
Impossible Foods,Consumer Packaged Goods: Packaged Foods,12,17,N/A,N/A
Lindt & Spr�ngli,Consumer Packaged Goods: Packaged Foods,6,6,N/A,N/A
Nestle,Consumer Packaged Goods: Packaged Foods,14,26,N/A,N/A
R. M. Palmer Company,Consumer Packaged Goods: Packaged Foods,6,18,N/A,N/A
Taylor Company,Consumer Packaged Goods: Packaged Foods,26,0,N/A,N/A
The Coffee Bean & Tea Leaf,Consumer Packaged Goods: Packaged Foods,6,0,N/A,N/A
"The Dannon Company, Inc.",Consumer Packaged Goods: Packaged Foods,20,0,N/A,N/A
The J.M. Smucker Company,Consumer Packaged Goods: Packaged Foods,8,0,N/A,N/A
WellPet LLC,Consumer Packaged Goods: Packaged Foods,12,12,N/A,N/A
Colgate-Palmolive Company,Consumer Packaged Goods: Packaged Products,19.5,6,N/A,N/A
Elanco Animal Health,Consumer Packaged Goods: Packaged Products,12,12,N/A,N/A
Henkel,Consumer Packaged Goods: Packaged Products,8,3,N/A,N/A
Nestle Purina PetCare Company,Consumer Packaged Goods: Packaged Products,8.5,0,N/A,N/A
Procter & Gamble,Consumer Packaged Goods: Packaged Products,12,2,N/A,N/A
The Scotts Miracle-Gro Company,Consumer Packaged Goods: Packaged Products,10,0,N/A,N/A
"Altria Group, Inc.",Consumer Packaged Goods: Tobacco,6,0,N/A,N/A
Reynolds American Inc.,Consumer Packaged Goods: Tobacco,16,N/A,16,N/A
Munchkin,Consumer Packaged Goods: Toys & Baby Products,6,0,N/A,N/A
Aesop,Cosmetics,12,N/A,6,N/A
Benefit Cosmetics LLC,Cosmetics,12,4,N/A,N/A
Curology,Cosmetics,12,12,N/A,N/A
Edge Systems LLC,Cosmetics,12,0,N/A,N/A
Estee Lauder Companies,Cosmetics,24,0,N/A,N/A
Mac Cosmetics,Cosmetics,12,8,N/A,N/A
Revlon,Cosmetics,12,12,N/A,N/A
BAE Systems,Defense & Space,2,12,N/A,N/A
L3Harris,Defense & Space,5,3,N/A,N/A
Sierra Nevada Corperation,Defense & Space,5,8,N/A,N/A
Textron Systems,Defense & Space,2,0,N/A,N/A
10up,Design,4,12,N/A,N/A
Kettle,Design,12,12,N/A,N/A
Reaktor,Design,16,8,N/A,N/A
Bard College,Educational Services: College & Universities,8,6,N/A,N/A
Bryant University,Educational Services: College & Universities,0,6,N/A,N/A
California State University,Educational Services: College & Universities,4,12,N/A,N/A
Capella University,Educational Services: College & Universities,12,4,N/A,N/A
Case Western Reserve University,Educational Services: College & Universities,7,0,N/A,N/A
Colorado State University,Educational Services: College & Universities,3,9,N/A,N/A
Columbia University,Educational Services: College & Universities,6,12,N/A,N/A
Columbia University Information Technology,Educational Services: College & Universities,6,6,N/A,N/A
Dartmouth College,Educational Services: College & Universities,2,8,N/A,N/A
Dickinson College,Educational Services: College & Universities,12,N/A,6,N/A
Duke University,Educational Services: College & Universities,6,9,N/A,N/A
Ferris State University,Educational Services: College & Universities,6,6,N/A,N/A
Florida International University,Educational Services: College & Universities,6,12,N/A,N/A
Georgetown University,Educational Services: College & Universities,8,0,N/A,N/A
Griffith University,Educational Services: College & Universities,26,26,N/A,N/A
Harvard Business School,Educational Services: College & Universities,16,7,N/A,N/A
Harvard University,Educational Services: College & Universities,12,12,N/A,N/A
Imperial College London,Educational Services: College & Universities,18,20,N/A,N/A
Indiana University,Educational Services: College & Universities,6,12,N/A,N/A
IUPUI,Educational Services: College & Universities,6,6,N/A,N/A
Johns Hopkins University,Educational Services: College & Universities,10,12,N/A,N/A
Johns Hopkins University Applied Physics Laboratory,Educational Services: College & Universities,2,26,N/A,N/A
Lasell College,Educational Services: College & Universities,12,0,N/A,N/A
Marquette University,Educational Services: College & Universities,8,0,N/A,N/A
Medical University of South Carolina,Educational Services: College & Universities,6,6,N/A,N/A
New York University,Educational Services: College & Universities,12,0,N/A,N/A
Northeastern University,Educational Services: College & Universities,8,4,N/A,N/A
Northwestern University,Educational Services: College & Universities,9,6,N/A,N/A
NYU School of Medicine,Educational Services: College & Universities,5,24,N/A,N/A
Rutgers University,Educational Services: College & Universities,6,12,N/A,N/A
The George Washington University,Educational Services: College & Universities,6,2,N/A,N/A
The Ohio State University,Educational Services: College & Universities,12,12,N/A,N/A
Tufts University,Educational Services: College & Universities,12,4,N/A,N/A
UCLA,Educational Services: College & Universities,13,9,N/A,N/A
University at Buffalo,Educational Services: College & Universities,12,12,N/A,N/A
University of Arizona,Educational Services: College & Universities,6,3,N/A,N/A
University of British Columbia,Educational Services: College & Universities,52,0,N/A,N/A
University of California Berkeley,Educational Services: College & Universities,12,12,N/A,N/A
University of Massachusetts Amherst,Educational Services: College & Universities,12,24,N/A,N/A
University of Michigan,Educational Services: College & Universities,12,12,N/A,N/A
University of New Hampshire,Educational Services: College & Universities,12,0,N/A,N/A
University of Notre Dame,Educational Services: College & Universities,12,12,N/A,N/A
University of Tampa,Educational Services: College & Universities,6,6,N/A,N/A
Utah State University,Educational Services: College & Universities,4,N/A,0,N/A
Virgina Commonwealth University,Educational Services: College & Universities,4,4,N/A,N/A
Webster University,Educational Services: College & Universities,6,6,N/A,N/A
Wheaton College,Educational Services: College & Universities,4,0,N/A,N/A
360DigiTMG,Educational Services: E-Learning,2,4,N/A,N/A
Chegg,Educational Services: E-Learning,10,12,N/A,N/A
Clever,Educational Services: E-Learning,12,0,N/A,N/A
Degreed,Educational Services: E-Learning,32,46,N/A,N/A
Imagine Learning,Educational Services: E-Learning,6,0,N/A,N/A
Pluralsight,Educational Services: E-Learning,6,0,N/A,N/A
Renaissance Learning,Educational Services: E-Learning,9,6,N/A,N/A
Skillcrush,Educational Services: E-Learning,8,8,N/A,N/A
Soomo Learning,Educational Services: E-Learning,12,0,N/A,N/A
Zearn,Educational Services: E-Learning,12,4,N/A,N/A
CIEE,Educational Services: Management,12,12,N/A,N/A
General Assembly,Educational Services: Management,16,4,N/A,N/A
NWEA,Educational Services: Management,8,52,N/A,N/A
Prince William County Public Schools,Educational Services: Management,12,12,N/A,N/A
Santa Fe Public Schools,Educational Services: Management,4,36,N/A,N/A
Teachstone,Educational Services: Management,2,12,N/A,N/A
The College Board,Educational Services: Management,8,8,N/A,N/A
"ACT, Inc",Educational Services: Other,6,0,N/A,N/A
British Council,Educational Services: Other,26,0,N/A,N/A
Pearson,Educational Services: Other,8.5,8,N/A,N/A
Savvas Learning Company,Educational Services: Other,3,12,N/A,N/A
Texas A&M AgriLife Research,Educational Services: Other,26,0,N/A,N/A
The Concord Consortium,Educational Services: Other,8,0,N/A,N/A
KinderCare Learning Companies,Educational Services: Preschool,6,0,N/A,N/A
Aperian Global,Educational Services: Professional Training,4,12,N/A,N/A
Achievement First,Educational Services: School,42,14,N/A,N/A
Cobb County School District,Educational Services: School,6,12,N/A,N/A
Curtis Institute of Music,Educational Services: School,12,N/A,12,N/A
Henderson Collegiate,Educational Services: School,9,3,N/A,N/A
Humble Independent School District,Educational Services: School,12,0,N/A,N/A
IDEA Public Schools,Educational Services: School,6,6,N/A,N/A
Long Trail School,Educational Services: School,6,0,N/A,N/A
San Francisco Unified School District,Educational Services: School,6,0,N/A,N/A
The Meadowbrook School of Weston,Educational Services: School,12,0,N/A,N/A
Creative Education Services,Educational Services: Tutoring,16,0,N/A,N/A
Armada Technologies,Electronics: Manufacturing,2,10,N/A,N/A
Bose,Electronics: Manufacturing,12,12,N/A,N/A
Harman International Industries,Electronics: Manufacturing,12,0,N/A,N/A
iRobot,Electronics: Manufacturing,15,0,N/A,N/A
Keysight Technologies,Electronics: Manufacturing,8,52,N/A,N/A
Legrand,Electronics: Manufacturing,12,2,N/A,N/A
Maxim Integrated Products,Electronics: Manufacturing,8,12,N/A,N/A
Philips,Electronics: Manufacturing,8,4,N/A,N/A
Radar,Electronics: Manufacturing,12,0,N/A,N/A
Sanmina,Electronics: Manufacturing,6,6,N/A,N/A
Trane Technologies,Electronics: Manufacturing,11,0,N/A,N/A
Reprise,Engineering,12,0,N/A,N/A
Barclays,Finance,16,8,N/A,N/A
Progressive Leasing,Finance,12,0,N/A,N/A
Acorns,Finance: Asset Management,12,2,N/A,N/A
AllianceBernstein LP,Finance: Asset Management,12,0,N/A,N/A
American Century Investments,Finance: Asset Management,6,0,N/A,N/A
American Endowment Foundation,Finance: Asset Management,0,12,N/A,N/A
BNY Mellon,Finance: Asset Management,16,8,N/A,N/A
Bridgewater Associates,Finance: Asset Management,11,29,N/A,N/A
"Cantella & Co., Inc.",Finance: Asset Management,8,0,N/A,N/A
Citadel,Finance: Asset Management,12,0,N/A,N/A
Coller Capital Ltd.,Finance: Asset Management,6,12,N/A,N/A
DWS,Finance: Asset Management,16,52,N/A,N/A
Fisher Investments,Finance: Asset Management,8,8,N/A,N/A
Gemini Trust Company,Finance: Asset Management,18,0,N/A,N/A
Golub Capital,Finance: Asset Management,3,0,N/A,N/A
Invesco,Finance: Asset Management,12,3,N/A,N/A
North Star Resource Group,Finance: Asset Management,6,6,N/A,N/A
The StepStone Group LP,Finance: Asset Management,16,4,N/A,N/A
TIAA,Finance: Asset Management,16,0,N/A,N/A
TPG Capital,Finance: Asset Management,16,0,N/A,N/A
Trinity Lifetime,Finance: Asset Management,39,13,N/A,N/A
Vanguard Group,Finance: Asset Management,10,0,N/A,N/A
American Express,Finance: Credit & Fund Services,20,0,N/A,N/A
American Honda Finance Corp,Finance: Credit & Fund Services,12,5,N/A,N/A
Navy Federal Credit Union,Finance: Credit Unions,16,0,N/A,N/A
Achieve,Finance: Diversified,4,8,N/A,N/A
Andrew Davidson & Co,Finance: Diversified,12,0,N/A,N/A
ASB Bank,Finance: Diversified,26,26,N/A,N/A
Bank of America,Finance: Diversified,16,4,N/A,N/A
BB&T Corporation,Finance: Diversified,6,2,N/A,N/A
BBVA,Finance: Diversified,12,0,N/A,N/A
BNP Paribas,Finance: Diversified,16,0,N/A,N/A
Capital One,Finance: Diversified,18,0,N/A,N/A
CAPTRUST,Finance: Diversified,2,14,N/A,N/A
CME Group,Finance: Diversified,12,N/A,4,N/A
Computershare,Finance: Diversified,7,3.5,N/A,N/A
Credit Suisse,Finance: Diversified,20,2,N/A,N/A
Digistream Investigations,Finance: Diversified,12,12,N/A,N/A
Edward Jones,Finance: Diversified,16,3,N/A,N/A
Fidelity Investments,Finance: Diversified,15,4,N/A,N/A
First Citizens Bank,Finance: Diversified,4,6,N/A,N/A
Geller & Company,Finance: Diversified,12,0,N/A,N/A
HSBC,Finance: Diversified,19,0,N/A,N/A
JMP Group LLC,Finance: Diversified,12,0,N/A,N/A
JPMorgan Chase,Finance: Diversified,12.5,0,N/A,N/A
Kasasa by BancVue,Finance: Diversified,12,0,N/A,N/A
Lincoln Financial Group,Finance: Diversified,10,12,N/A,N/A
Marsh McLennan,Finance: Diversified,8.5,8.5,N/A,N/A
Morgan Stanley,Finance: Diversified,16,0,N/A,N/A
Nomura,Finance: Diversified,16,N/A,2,N/A
Scotiabank,Finance: Diversified,14,3,N/A,N/A
Securian Financial Group Inc.,Finance: Diversified,12,0,N/A,N/A
Standard Chartered,Finance: Diversified,20,N/A,2,N/A
State Street Corporation,Finance: Diversified,8,2,N/A,N/A
Stifel Nicolaus & Co.,Finance: Diversified,16,N/A,8,N/A
USAA,Finance: Diversified,12,2,N/A,N/A
Northwestern Mutual � Corporate Careers,Finance: Life,12,1,N/A,N/A
Better Mortgage,Finance: Loans,16.5,13,N/A,N/A
OneMain Financial,Finance: Loans,8,0,N/A,N/A
Quicken Loans Inc.,Finance: Loans,6,1.5,N/A,N/A
Veterans United Home Loans,Finance: Loans,8,0,N/A,N/A
ANZ,Finance: Personal & Commercial Banking,12,52,N/A,N/A
Bank of the West,Finance: Personal & Commercial Banking,16,12,N/A,N/A
BMO Harris Bank,Finance: Personal & Commercial Banking,12,12,N/A,N/A
CIT,Finance: Personal & Commercial Banking,20,8,N/A,N/A
Citizens Bank,Finance: Personal & Commercial Banking,12,0,N/A,N/A
Commonwealth Bank of Australia,Finance: Personal & Commercial Banking,12,52,N/A,N/A
Federal Home Loan Bank Of New York,Finance: Personal & Commercial Banking,12,0,N/A,N/A
Fifth Third Bank,Finance: Personal & Commercial Banking,9,6,N/A,N/A
First Republic Bank,Finance: Personal & Commercial Banking,12,0,N/A,N/A
Huntington Bank,Finance: Personal & Commercial Banking,4,8,N/A,N/A
KeyBank,Finance: Personal & Commercial Banking,12,6,N/A,N/A
M&T Bank Corporation,Finance: Personal & Commercial Banking,12,12,N/A,N/A
Santander US,Finance: Personal & Commercial Banking,6,6,N/A,N/A
Soci�t� G�n�rale,Finance: Personal & Commercial Banking,12,0,N/A,N/A
Stanbic IBTC Bank,Finance: Personal & Commercial Banking,12,4,N/A,N/A
SunTrust Banks,Finance: Personal & Commercial Banking,16,4,N/A,N/A
U.S. Bank,Finance: Personal & Commercial Banking,13,0,N/A,N/A
Union Bank,Finance: Personal & Commercial Banking,21,8,N/A,N/A
Vanquis Bank,Finance: Personal & Commercial Banking,20,26,N/A,N/A
Wintrust Financial Corporation,Finance: Personal & Commercial Banking,10,2,N/A,N/A
"Adams Street Partners, LLC",Finance: Venture Capital,12,2,N/A,N/A
"Guggenheim Partners, LLC",Finance: Venture Capital,18,N/A,18,N/A
City of Virginia Beach,Government: City,6,0,N/A,N/A
New York City,Government: City,12,4,N/A,N/A
New York City Economic Development Corporation,Government: City,6,1,N/A,N/A
The City of Portland,Government: City,6,6,N/A,N/A
The City of San Antonio,Government: City,6,6,N/A,N/A
Peraton,Government: Contractor,1.5,12,N/A,N/A
Marion County Sheriff's Office,Government: County,13,20,N/A,N/A
"Multnomah County, Oregon",Government: County,12,0,N/A,N/A
Spokane County,Government: County,52,26,N/A,N/A
Corporation for National and Community Service,Government: Federal,0,0,N/A,N/A
Federal Deposit Insurance Corporation,Government: Federal,12,12,N/A,N/A
Federal Public Defender,Government: Federal,12,0,N/A,N/A
Federal Reserve Bank of New York,Government: Federal,8,8,N/A,N/A
Los Alamos National Laboratory,Government: Federal,3,12,N/A,N/A
NASA Jet Propulsion Laboratory,Government: Federal,12,0,N/A,N/A
Naval Medical Center Portsmouth,Government: Federal,46,0,N/A,N/A
NavSea,Government: Federal,11,6,N/A,N/A
NSA,Government: Federal,8,6.5,N/A,N/A
The United States Air Force,Government: Federal,12,0,N/A,N/A
U.S. Department of Education,Government: Federal,0,12,N/A,N/A
U.S. Department of Veterans Affairs,Government: Federal,11,11,N/A,N/A
U.S. Social Security Administration,Government: Federal,6,12,N/A,N/A
United States Army,Government: Federal,6,0,N/A,N/A
United States Department of State,Government: Federal,9,15,N/A,N/A
United States Trade and Development Agency,Government: Federal,12,0,N/A,N/A
USAID,Government: Federal,6,0,N/A,N/A
United Nations,Government: International,4,0,N/A,N/A
World Health Organization,Government: International,24,52,N/A,N/A
Commonwealth of Massachusetts,Government: State,2,24,N/A,N/A
DBPR,Government: State,12,0,N/A,N/A
State of North Carolina,Government: State,12,0,N/A,N/A
Companion Animal Hospital Partners,Healthcare: Animal Health,6,6,N/A,N/A
Veterinary Emergency Group,Healthcare: Animal Health,6,6,N/A,N/A
Zoetis,Healthcare: Animal Health,2,0,N/A,N/A
Beacon Health Options,Healthcare: Behavioral,4,6,N/A,N/A
Ambry Genetics,Healthcare: Biotechnology,6,0,N/A,N/A
Biogen,Healthcare: Biotechnology,12,6,N/A,N/A
bioMerieux,Healthcare: Biotechnology,12,0,N/A,N/A
Bolt Threads,Healthcare: Biotechnology,12,0,N/A,N/A
Charles River Laboratories,Healthcare: Biotechnology,9,3,N/A,N/A
Genentech,Healthcare: Biotechnology,12,0,N/A,N/A
"Gilead Sciences, Inc.",Healthcare: Biotechnology,12,6,N/A,N/A
Idexx Laboratories,Healthcare: Biotechnology,12,8,N/A,N/A
NanoString Technologies,Healthcare: Biotechnology,12,0,N/A,N/A
Nova Biomedical,Healthcare: Biotechnology,6,6,N/A,N/A
Novozymes,Healthcare: Biotechnology,17,0,N/A,N/A
Promega Corporation,Healthcare: Biotechnology,4,0,N/A,N/A
SCIEX,Healthcare: Biotechnology,15,26,N/A,N/A
Bupa,Healthcare: Diversified,14,36,N/A,N/A
Call9,Healthcare: Diversified,8,4,N/A,N/A
Saint Francis Medical Center,Healthcare: Diversified,6,0,N/A,N/A
BAYADA,Healthcare: Family Care,0,N/A,0,N/A
Inspire Wellness,Healthcare: Family Care,12,6,N/A,N/A
Landmark Health,Healthcare: Family Care,4,8,N/A,N/A
Southwest Idaho Treatment Center,Healthcare: Family Care,12,0,N/A,N/A
Ascension Health,Healthcare: Hospitals & Clinics,8,0,N/A,N/A
Baptist Health System,Healthcare: Hospitals & Clinics,12,0,N/A,N/A
Bon Secours Mercy Health,Healthcare: Hospitals & Clinics,8,8,N/A,N/A
Central Maine Medical Center,Healthcare: Hospitals & Clinics,12,0,N/A,N/A
Children's Hospital of Pittsburgh of UPMC,Healthcare: Hospitals & Clinics,2,10,N/A,N/A
Children's Wisconsin,Healthcare: Hospitals & Clinics,0,12,N/A,N/A
Christiana Care Health System,Healthcare: Hospitals & Clinics,6,6,N/A,N/A
Cincinnati Children's Hospital Medical Center,Healthcare: Hospitals & Clinics,12,0,N/A,N/A
Duke Health,Healthcare: Hospitals & Clinics,6,6,N/A,N/A
Everett Clinic,Healthcare: Hospitals & Clinics,12,0,N/A,N/A
Houston Methodist Hospital,Healthcare: Hospitals & Clinics,6,6,N/A,N/A
Johns Hopkins All Children's Hospital,Healthcare: Hospitals & Clinics,8,0,N/A,N/A
Lovelace Health System,Healthcare: Hospitals & Clinics,0,6,N/A,N/A
Mercy,Healthcare: Hospitals & Clinics,4,1,N/A,N/A
MetroHealth Medical Center,Healthcare: Hospitals & Clinics,12,0,N/A,N/A
Michigan Medicine,Healthcare: Hospitals & Clinics,6,0,N/A,N/A
Molina Healthcare,Healthcare: Hospitals & Clinics,6,0,N/A,N/A
Montefiore Medical Center,Healthcare: Hospitals & Clinics,0,N/A,0,N/A
Moses Cone,Healthcare: Hospitals & Clinics,0,N/A,N/A,0
New Century Health,Healthcare: Hospitals & Clinics,12,0,N/A,N/A
New York State Psychiatric Institute,Healthcare: Hospitals & Clinics,12,0,N/A,N/A
Northwell Health,Healthcare: Hospitals & Clinics,0,12,N/A,N/A
NYU Langone Health,Healthcare: Hospitals & Clinics,9.5,6,N/A,N/A
Partners Healthcare,Healthcare: Hospitals & Clinics,8,4,N/A,N/A
Penn Medicine,Healthcare: Hospitals & Clinics,6,6,N/A,N/A
Providence,Healthcare: Hospitals & Clinics,8,12,N/A,N/A
Temple University Hospital,Healthcare: Hospitals & Clinics,0,12,N/A,N/A
Texas Children's Hospital,Healthcare: Hospitals & Clinics,0,0,N/A,N/A
LabCorp,Healthcare: Laboratory Testing,6,12,N/A,N/A
Aeroflow Healthcare,Healthcare: Medical Devices,6,4,N/A,N/A
Aquilant,Healthcare: Medical Devices,39,13,N/A,N/A
BD,Healthcare: Medical Devices,12,4,N/A,N/A
Boston Scientific,Healthcare: Medical Devices,12,0,N/A,N/A
Cook Medical,Healthcare: Medical Devices,10,6,N/A,N/A
Hillrom,Healthcare: Medical Devices,12,4,N/A,N/A
Integra LifeSciences,Healthcare: Medical Devices,10,12,N/A,N/A
Intuitive,Healthcare: Medical Devices,6,6,N/A,N/A
Medela,Healthcare: Medical Devices,12,0,N/A,N/A
MicroPort Orthopedics,Healthcare: Medical Devices,6,10,N/A,N/A
Olympus Corporation,Healthcare: Medical Devices,4,1,N/A,N/A
ResMed,Healthcare: Medical Devices,14,0,N/A,N/A
Stryker Corporation,Healthcare: Medical Devices,12,2,N/A,N/A
Terumo BCT,Healthcare: Medical Devices,9,18,N/A,N/A
J&J MedTech,Healthcare: Products,8,0,N/A,N/A
SmileDirectClub,Healthcare: Products,8,4,N/A,N/A
Be The Match,Healthcare: Services,6,6,N/A,N/A
Cardinal Health,Healthcare: Services,4,9,N/A,N/A
GE Healthcare Systems,Healthcare: Services,12,4,N/A,N/A
Heartland Dental,Healthcare: Services,6,12,N/A,N/A
Lumeris,Healthcare: Services,6,0,N/A,N/A
McKesson Specialty Health,Healthcare: Services,12,4,N/A,N/A
Optum,Healthcare: Services,8,3,N/A,N/A
Spectra,Hospitality,12,12,N/A,N/A
Gordon Food Service,Hospitality: Foodservice Distributors,1,0,N/A,N/A
Hilton,Hospitality: Hotels,12,6,N/A,N/A
Hyatt,Hospitality: Hotels,8,0,N/A,N/A
Rosewood Hotels & Resorts,Hospitality: Hotels,2,0,N/A,N/A
Taj Hotels,Hospitality: Hotels,12,26,N/A,N/A
Blue Apron,Hospitality: Meal Kit Delivery,12,0,N/A,N/A
Disneyland,Hospitality: Resorts,8,0,N/A,N/A
Great Wolf Resorts,Hospitality: Resorts,8,0,N/A,N/A
Hilton Grand Vacations,Hospitality: Resorts,8,8,N/A,N/A
Vail Resorts,Hospitality: Resorts,4,2,N/A,N/A
Chick-fil-A,Hospitality: Restaurants,6,N/A,2,N/A
Chipotle Mexican Grill,Hospitality: Restaurants,12,0,N/A,N/A
Gate Gourmet,Hospitality: Restaurants,6,12,N/A,N/A
La Colombe Torrefaction,Hospitality: Restaurants,6,30,N/A,N/A
Momofuku,Hospitality: Restaurants,4,8,N/A,N/A
Red Robin,Hospitality: Restaurants,0,12,N/A,N/A
Restaurant Brands International,Hospitality: Restaurants,16,0,N/A,N/A
Texas Roadhouse,Hospitality: Restaurants,6,11,N/A,N/A
Ergotron,Industrial: Appliances & Furniture,12,6,N/A,N/A
Stanley Black & Decker,Industrial: Appliances & Furniture,2,16,N/A,N/A
Steelcase,Industrial: Appliances & Furniture,10.5,27.5,N/A,N/A
Whirlpool Corporation,Industrial: Appliances & Furniture,12,4,N/A,N/A
Deborah Berke Partners,Industrial: Architecture & Design,6,4,N/A,N/A
Grimshaw Architects,Industrial: Architecture & Design,5,10,N/A,N/A
Hickok Cole Architects,Industrial: Architecture & Design,12,8,N/A,N/A
HOK,Industrial: Architecture & Design,6,N/A,2,N/A
MG2,Industrial: Architecture & Design,6,6,N/A,N/A
CertainTeed,Industrial: Building Materials Manufacturing,12,12,N/A,N/A
Construction Specialties,Industrial: Building Materials Manufacturing,6,12,N/A,N/A
Daltile,Industrial: Building Materials Manufacturing,0,12,N/A,N/A
GAF,Industrial: Building Materials Manufacturing,6,12,N/A,N/A
Lehigh Hanson,Industrial: Building Materials Manufacturing,6,6,N/A,N/A
Sherwin-Williams,Industrial: Building Materials Manufacturing,8,4,N/A,N/A
Wilsonart,Industrial: Building Materials Manufacturing,6,12,N/A,N/A
Graham Construction & Engineering Inc,Industrial: Construction Company,12,52,N/A,N/A
"CIRCOR International, Inc.",Industrial: Diversified,12,12,N/A,N/A
Danaher,Industrial: Diversified,8,6,N/A,N/A
Eaton,Industrial: Diversified,12,0,N/A,N/A
Faith Technologies,Industrial: Diversified,8,4,N/A,N/A
HDR,Industrial: Diversified,2,8,N/A,N/A
Honeywell,Industrial: Diversified,4,12,N/A,N/A
Jacobs,Industrial: Diversified,1,8,N/A,N/A
Jason Industrial,Industrial: Diversified,12,0,N/A,N/A
Babcock International Group,Industrial: Engineering,12,0,N/A,N/A
Emerson Process Management,Industrial: Engineering,12,0,N/A,N/A
Equinor,Industrial: Engineering,16,2,N/A,N/A
GZA,Industrial: Engineering,4,0,N/A,N/A
Pfaudler inc,Industrial: Engineering,10,0,N/A,N/A
Quiddity Engineering,Industrial: Engineering,2,6,N/A,N/A
Stantec,Industrial: Engineering,6,12,N/A,N/A
Subsea 7,Industrial: Engineering,12,0,N/A,N/A
WSP Global,Industrial: Engineering,2,12,N/A,N/A
Xylem Inc.,Industrial: Engineering,4,0,N/A,N/A
AGCO Corporation,Industrial: Equipment Manufacturing,6,6,N/A,N/A
Association of Equipment Manufacturers,Industrial: Equipment Manufacturing,6,6,N/A,N/A
"Atlantic Diving Supply, Inc.",Industrial: Equipment Manufacturing,6,6,N/A,N/A
Emerson Climate Technologies,Industrial: Equipment Manufacturing,12,N/A,2,N/A
Genie Industries,Industrial: Equipment Manufacturing,12,12,N/A,N/A
ITW,Industrial: Equipment Manufacturing,7,0,N/A,N/A
KONE Corporation,Industrial: Equipment Manufacturing,9,0,N/A,N/A
Terex,Industrial: Equipment Manufacturing,10,2,N/A,N/A
Weir ESCO,Industrial: Equipment Manufacturing,1,12,N/A,N/A
Zoox,Industrial: Equipment Manufacturing,12,0,N/A,N/A
"Aleris International, Inc.",Industrial: Materials,4,0,N/A,N/A
Avantor,Industrial: Materials,4,0,N/A,N/A
HP Manufacturing,Industrial: Materials,6,6,N/A,N/A
Orica,Industrial: Materials,12,0,N/A,N/A
W.L. Gore,Industrial: Materials,12,12,N/A,N/A
Grainger Industrial Supply,Industrial: Other,9,6,N/A,N/A
Hunter Douglas,Industrial: Other,6,6,N/A,N/A
United Rentals,Industrial: Other,6,7.5,N/A,N/A
Bloomberg,Information Services: Diversified,26,0,N/A,N/A
Nielsen Holdings N.V.,Information Services: Diversified,9,3,N/A,N/A
RELX Group,Information Services: Diversified,13,20,N/A,N/A
WinBizSolutions,Information Services: Diversified,16,0,N/A,N/A
Wolters Kluwer,Information Services: Diversified,2,6,N/A,N/A
Dun & Bradstreet,Information Services: Financial,15,20,N/A,N/A
Experian PLC,Information Services: Financial,15,2.5,N/A,N/A
Fitch Ratings,Information Services: Financial,12,0,N/A,N/A
Ipreo Holdings LLC,Information Services: Financial,24,8,N/A,N/A
NASDAQ,Information Services: Financial,15,0,N/A,N/A
TransUnion,Information Services: Financial,17,0,N/A,N/A
Bloomberg BNA,Information Services: Legal,12,10,N/A,N/A
1010data,Information Services: Technology,12,8,N/A,N/A
Avanade,Information Services: Technology,16,1.5,N/A,N/A
Cloudreach,Information Services: Technology,12,0,N/A,N/A
Dataminr,Information Services: Technology,16,0,N/A,N/A
Dell Boomi,Information Services: Technology,12,N/A,12,N/A
"DoubleVerify, Inc.",Information Services: Technology,10,8,N/A,N/A
Emids,Information Services: Technology,5,0,N/A,N/A
Equian,Information Services: Technology,3,3,N/A,N/A
Eras Tech,Information Services: Technology,26,0,N/A,N/A
Gartner,Information Services: Technology,12,0,N/A,N/A
Google Cloud,Information Services: Technology,18.5,32.5,N/A,N/A
HealthStream,Information Services: Technology,6,12,N/A,N/A
Hitachi Vantara,Information Services: Technology,12,0,N/A,N/A
Infolock,Information Services: Technology,12,0,N/A,N/A
Infosys,Information Services: Technology,1.5,1,N/A,N/A
J2 Global,Information Services: Technology,16,0,N/A,N/A
LeverX,Information Services: Technology,52,0,N/A,N/A
LexisNexis,Information Services: Technology,14,0,N/A,N/A
Lloyd Group,Information Services: Technology,3,0,N/A,N/A
LMT Technology Solutions,Information Services: Technology,12,0,N/A,N/A
Microsoft Azure,Information Services: Technology,16,4,N/A,N/A
NetImpact Strategies,Information Services: Technology,4,12,N/A,N/A
Newfold Digital,Information Services: Technology,12,12,N/A,N/A
Niche,Information Services: Technology,4,12,N/A,N/A
NielsenIQ,Information Services: Technology,20,0,N/A,N/A
OM1,Information Services: Technology,4,0,N/A,N/A
OPTIMIZERx Corporation,Information Services: Technology,4,8,N/A,N/A
PatientPop,Information Services: Technology,12,12,N/A,N/A
Publicis Sapient,Information Services: Technology,12,4,N/A,N/A
Remind,Information Services: Technology,16,0,N/A,N/A
RF Code,Information Services: Technology,6,6,N/A,N/A
Siemens Healthineers,Information Services: Technology,12,0,N/A,N/A
Smarsh,Information Services: Technology,2,4,N/A,N/A
SpotX,Information Services: Technology,9,6,N/A,N/A
Surescripts,Information Services: Technology,10,2,N/A,N/A
The Gordian Group,Information Services: Technology,8,12,N/A,N/A
TriNet,Information Services: Technology,12,4,N/A,N/A
Verisk Analytics,Information Services: Technology,10,4,N/A,N/A
VTS,Information Services: Technology,18,0,N/A,N/A
WP Engine,Information Services: Technology,16,0,N/A,N/A
ZoomInfo,Information Services: Technology,12,0,N/A,N/A
Marsh & McLennan Agency,Insurance,2,10,N/A,N/A
Hub International,Insurance: Brokerage,6,4,N/A,N/A
USI Insurance Services,Insurance: Brokerage,2,10,N/A,N/A
Willis Towers Watson,Insurance: Brokerage,4,12.5,N/A,N/A
AmeriTrust Group,Insurance: Diversified,4,8,N/A,N/A
Aspen Insurance Holdings Limited,Insurance: Diversified,16,0,N/A,N/A
CUNA Mutual Group,Insurance: Diversified,8,N/A,12,N/A
First American,Insurance: Diversified,6,12,N/A,N/A
Hiscox,Insurance: Diversified,12,0,N/A,N/A
IAG Limited,Insurance: Diversified,12,40,N/A,N/A
Lockton Companies Inc.,Insurance: Diversified,12,0,N/A,N/A
MassMutual,Insurance: Diversified,8,12,N/A,N/A
MJ Insurance,Insurance: Diversified,2,10,N/A,N/A
Sana Benefits,Insurance: Diversified,13,13,N/A,N/A
Sun Life Financial,Insurance: Diversified,16,0,N/A,N/A
The McGowan Companies Inc.,Insurance: Diversified,12,12,N/A,N/A
Trustmark Companies,Insurance: Diversified,6,6,N/A,N/A
Anthem,Insurance: Health,0,6,N/A,N/A
Blue Cross and Blue Shield of Texas,Insurance: Health,6,0,N/A,N/A
Blue Cross Blue Shield of Alabama,Insurance: Health,6,6,N/A,N/A
Cambia Health Solutions,Insurance: Health,12,0,N/A,N/A
CareFirst,Insurance: Health,6,5,N/A,N/A
CareSource,Insurance: Health,12,0,N/A,N/A
Centene Corporation,Insurance: Health,3,7.5,N/A,N/A
CIGNA Corporation,Insurance: Health,6,4,N/A,N/A
Clover Health,Insurance: Health,6,8,N/A,N/A
Delta Dental Ins,Insurance: Health,6,8,N/A,N/A
GoHealth,Insurance: Health,6,6,N/A,N/A
Independence Blue Cross,Insurance: Health,12,7,N/A,N/A
Oscar Health,Insurance: Health,16,0,N/A,N/A
Premera Blue Cross,Insurance: Health,12,0,N/A,N/A
UCare,Insurance: Health,12,5,N/A,N/A
UnitedHealthcare,Insurance: Health,4,4,N/A,N/A
WellCare Health Plans,Insurance: Health,6,6,N/A,N/A
American Income Life,Insurance: Life,52,0,N/A,N/A
"Genworth Financial, Inc.",Insurance: Life,12,0,N/A,N/A
GuardianLife,Insurance: Life,7,7,N/A,N/A
MetLife,Insurance: Life,5,0,N/A,N/A
National Benefit Life Insurance,Insurance: Life,13,15,N/A,N/A
New York Life Insurance Company,Insurance: Life,12,12,N/A,N/A
Prudential Financial,Insurance: Life,10,16,N/A,N/A
Unum,Insurance: Life,6,23,N/A,N/A
Allstate Insurance Company,Insurance: Property & Casualty,6,0,N/A,N/A
American Family Insurance,Insurance: Property & Casualty,12,2,N/A,N/A
"Assurant, Inc.",Insurance: Property & Casualty,4,2,N/A,N/A
Farmers Insurance,Insurance: Property & Casualty,12,16,N/A,N/A
FM Global,Insurance: Property & Casualty,4,2,N/A,N/A
GEICO,Insurance: Property & Casualty,10,0,N/A,N/A
IAT Insurance Group,Insurance: Property & Casualty,2,12,N/A,N/A
Intact Financial Corporation,Insurance: Property & Casualty,52,0,N/A,N/A
Liberty Mutual Insurance,Insurance: Property & Casualty,16,0,N/A,N/A
Progressive Corporation,Insurance: Property & Casualty,7.5,16,N/A,N/A
Selective Insurance,Insurance: Property & Casualty,2,12,N/A,N/A
The Hartford,Insurance: Property & Casualty,4.5,6,N/A,N/A
Travelers,Insurance: Property & Casualty,2,8,N/A,N/A
Guy Carpenter,Insurance: Reinsurance,8,12,N/A,N/A
Burr & Forman LLP,Law Firm,4,4,N/A,N/A
Cleary Gottlieb Steen & Hamilton LLP,Law Firm,16,26,N/A,N/A
Cooley LLP,Law Firm,24,12,N/A,N/A
"Correia & Puth, PLLC",Law Firm,6,10,N/A,N/A
Covington & Burling LLP,Law Firm,16,0,N/A,N/A
Crowell & Moring,Law Firm,4,0,N/A,N/A
Davis & Santos,Law Firm,3,2,N/A,N/A
Desmarais LLP,Law Firm,12,0,N/A,N/A
Entwistle & Cappucci LLC,Law Firm,8,10,N/A,N/A
Fox Rothschild LLP,Law Firm,12,0,N/A,N/A
Fragomen,Law Firm,6,6,N/A,N/A
Hogan Lovells,Law Firm,20,6,N/A,N/A
Hudson Cook,Law Firm,6,0,N/A,N/A
Kirkland & Ellis LLP,Law Firm,18,0,N/A,N/A
Latham & Watkins LLP,Law Firm,12,0,N/A,N/A
Lathrop GPM LLP,Law Firm,16,0,N/A,N/A
Linklaters LLP,Law Firm,18,0,N/A,N/A
Littler Mendelson P.C.,Law Firm,12,0,N/A,N/A
"Manatt, Phelps & Phillips, LLP",Law Firm,12,29,N/A,N/A
Mayer Brown,Law Firm,0,N/A,0,N/A
McLane Middleton PA,Law Firm,6,6,N/A,N/A
Mintz Levin Cohn Ferris Glovsky and Popeo PC,Law Firm,17,0,N/A,N/A
Schlam Stone & Dolan,Law Firm,12,4,N/A,N/A
Simpson Thacher & Bartlett LLP,Law Firm,16,10,N/A,N/A
Veritas Law,Law Firm,52,0,N/A,N/A
Wynyard Wood,Law Firm,26,52,N/A,N/A
HBR Consulting,Legal Services,4,3,N/A,N/A
Cruise Planners,"Leisure, Travel & Tourism",3,0,N/A,N/A
Royal Caribbean International,"Leisure, Travel & Tourism",4,2,N/A,N/A
VRBO,"Leisure, Travel & Tourism",18,0,N/A,N/A
BrightTALK,Media,12,12,N/A,N/A
Cond� Nast,Media: Diversified,4,0,N/A,N/A
Meredith,Media: Diversified,12,12,N/A,N/A
NBCUniversal,Media: Diversified,16,4,N/A,N/A
Quartz,Media: Diversified,2,0,N/A,N/A
Sky PLC,Media: Diversified,26,N/A,6,N/A
Thomson Reuters,Media: Diversified,12,10,N/A,N/A
Townsquare Media,Media: Diversified,12,0,N/A,N/A
Viacom Inc.,Media: Diversified,10,2.5,N/A,N/A
ViacomCBS,Media: Diversified,4,6,N/A,N/A
WGBH,Media: Diversified,4,12,N/A,N/A
Cinemark,Media: Entertainment,1,12,N/A,N/A
Lionsgate,Media: Entertainment,20,0,N/A,N/A
Madison Square Garden,Media: Entertainment,12,0,N/A,N/A
Showtime,Media: Entertainment,12,3,N/A,N/A
Spins,Media: Magazines,6,0,N/A,N/A
The Atlantic,Media: Magazines,12,4,N/A,N/A
Business Insider,Media: News,12,0,N/A,N/A
Dow Jones,Media: News,20,12,N/A,N/A
Forbes,Media: News,12,0,N/A,N/A
Gannett,Media: News,2,12,N/A,N/A
New York Times,Media: News,16,16,N/A,N/A
The New York Times Company,Media: News,20,20,N/A,N/A
Washington Post,Media: News,18,0,N/A,N/A
Public Broadcasting Service,Media: Television,12,0,N/A,N/A
Sinclair Broadcast Group,Media: Television,6,0,N/A,N/A
ASML,N/A,52,40,N/A,N/A
INK Communications Co.,N/A,10,2,N/A,N/A
Rokt,N/A,15,0,N/A,N/A
Bunge North America,Natural Resources: Agriculture and Food Processing,0,6,N/A,N/A
Pilgrim's Pride,Natural Resources: Agriculture and Food Processing,6,0,N/A,N/A
Tate & Lyle,Natural Resources: Agriculture and Food Processing,20.5,13,N/A,N/A
CHS Inc.,Natural Resources: Agrochemical,0,16,N/A,N/A
"Air Products & Chemicals, Inc.",Natural Resources: Chemicals,4,8,N/A,N/A
AkzoNobel Global,Natural Resources: Chemicals,12,12,N/A,N/A
Albemarle Corporation,Natural Resources: Chemicals,7,5,N/A,N/A
"Ashland, Inc.",Natural Resources: Chemicals,6,18,N/A,N/A
DuPont,Natural Resources: Chemicals,16,12,N/A,N/A
Eastman Chemical Company,Natural Resources: Chemicals,4,6,N/A,N/A
LyondellBasell,Natural Resources: Chemicals,0,12,N/A,N/A
"Nalco, An Ecolab Company",Natural Resources: Chemicals,24,0,N/A,N/A
Nutrien,Natural Resources: Chemicals,12,26,N/A,N/A
Solvay S.A.,Natural Resources: Chemicals,16,12,N/A,N/A
Syngenta Flowers,Natural Resources: Chemicals,6,0,N/A,N/A
CLEAResult,Natural Resources: Diversified Energy,2,10,N/A,N/A
Consolidated Edison Inc.,Natural Resources: Diversified Energy,10,16,N/A,N/A
Entergy Corporation,Natural Resources: Diversified Energy,6,0,N/A,N/A
"NRG Energy, Inc.",Natural Resources: Diversified Energy,6,6,N/A,N/A
Eversource,Natural Resources: Electric & Gas Utility,8,4,N/A,N/A
GE Power,Natural Resources: Electric & Gas Utility,24,20,N/A,N/A
National Grid plc,Natural Resources: Electric & Gas Utility,26,13,N/A,N/A
NiSource,Natural Resources: Electric & Gas Utility,26,26,N/A,N/A
Sempra Energy,Natural Resources: Electric & Gas Utility,12,0,N/A,N/A
Williams,Natural Resources: Electric & Gas Utility,10.5,0,N/A,N/A
"American Electric Power Company, Inc.",Natural Resources: Electric Power Generation,8,N/A,2,N/A
Duke Energy,Natural Resources: Electric Power Generation,13,1.5,N/A,N/A
Exelon Corporation,Natural Resources: Electric Power Generation,16,24,N/A,N/A
Pacific Gas and Electric Company,Natural Resources: Electric Power Generation,12,26,N/A,N/A
Southern California Edison,Natural Resources: Electric Power Generation,8,12,N/A,N/A
Freeport-McMoRan,Natural Resources: Metals & Mining,26,0,N/A,N/A
Novelis,Natural Resources: Metals & Mining,8,0,N/A,N/A
"Enbridge, Inc.",Natural Resources: Oil & Gas,6,12,N/A,N/A
ExxonMobil,Natural Resources: Oil & Gas,8,0,N/A,N/A
Marathon Petroleum Corporation,Natural Resources: Oil & Gas,8,0,N/A,N/A
Shell Oil Company,Natural Resources: Oil & Gas,16,4,N/A,N/A
"T.D. Williamson, Inc.",Natural Resources: Oil & Gas,6,6,N/A,N/A
ASRC Energy Services,Natural Resources: Oilfield Services,12,0,N/A,N/A
Baker Hughes,Natural Resources: Oilfield Services,8,0,N/A,N/A
Schlumberger,Natural Resources: Oilfield Services,11,12,N/A,N/A
Save the Children,Nonprofit: Charity,5,0,N/A,N/A
The Pew Charitable Trusts,Nonprofit: Charity,6,6,N/A,N/A
World Vision,Nonprofit: Charity,52,0,N/A,N/A
AARP,Nonprofit: Civic & Social,6,6,N/A,N/A
Convergence,Nonprofit: Civic & Social,26,26,N/A,N/A
Enterprise Community Partners,Nonprofit: Civic & Social,12,0,N/A,N/A
Help USA,Nonprofit: Civic & Social,12,12,N/A,N/A
National Partnership for Women & Families,Nonprofit: Civic & Social,15,0,N/A,N/A
Project Renewal,Nonprofit: Civic & Social,0,0,N/A,N/A
uAspire,Nonprofit: Civic & Social,2,20,N/A,N/A
Washburn Center For Children,Nonprofit: Civic & Social,52,2,N/A,N/A
Endeavor,Nonprofit: Development,16,0,N/A,N/A
Achievement Network,Nonprofit: Education,12,4,N/A,N/A
Start Early,Nonprofit: Education,24,N/A,24,N/A
Teach for America,Nonprofit: Education,12,0,N/A,N/A
Wildwood Programs,Nonprofit: Education,12,0,N/A,N/A
Environmental Defense Fund,Nonprofit: Environmental Organization,8,16,N/A,N/A
Natural Resources Defense Council,Nonprofit: Environmental Organization,15,9,N/A,N/A
The Nature Conservancy,Nonprofit: Environmental Organization,6,6,N/A,N/A
Financial Industry Regulatory Authority,Nonprofit: Finance,12,0,N/A,N/A
Financial Ombudsman Service,Nonprofit: Finance,26,12,N/A,N/A
Harvard Pilgrim Health Care,Nonprofit: Healthcare,4,0,N/A,N/A
Jewish Board of Family and Children's Services,Nonprofit: Healthcare,12,0,N/A,N/A
Planned Parenthood,Nonprofit: Healthcare,6,6,N/A,N/A
Sanford Health,Nonprofit: Healthcare,4,4,N/A,N/A
SWOG,Nonprofit: Healthcare,6,6,N/A,N/A
The Task Force For Global Health,Nonprofit: Healthcare,0,12,N/A,N/A
American Red Cross,Nonprofit: Humanitarian Aid Organization,8,8,N/A,N/A
International Justice Mission,Nonprofit: Legal,12,12,N/A,N/A
Legal Aid Society - Employment Law Center,Nonprofit: Legal,12,52,N/A,N/A
Center for Reproductive Rights,Nonprofit: Legal Services,12,4,N/A,N/A
Legal Aid of North Carolina,Nonprofit: Legal Services,6,6,N/A,N/A
Westbank Community Library,Nonprofit: Libraries,12,0,N/A,N/A
Camden Coalition of Healthcare Providers,Nonprofit: Medical,4,12,N/A,N/A
"MOXI, The Wolf Museum of Exploration + Innovation",Nonprofit: Museums,1,12,N/A,N/A
The Field Museum,Nonprofit: Museums,8,4,N/A,N/A
The World Economic Forum,Nonprofit: Political Organization,12,6,N/A,N/A
Archdiocese of Chicago,Nonprofit: Religious,12,12,N/A,N/A
Battelle Memorial Institute,Nonprofit: Research,6,0,N/A,N/A
Charles Stark Draper Laboratory,Nonprofit: Research,12,0,N/A,N/A
"Education Development Center, Inc.",Nonprofit: Research,12,0,N/A,N/A
HopeLab,Nonprofit: Research,16,0,N/A,N/A
RTI International,Nonprofit: Research,6,6,N/A,N/A
The Leukemia & Lymphoma Society,Nonprofit: Research,3,9,N/A,N/A
American Chemical Society,Nonprofit: Science & Technology,8,12,N/A,N/A
AICPA,Nonprofit: Trade Organization,10,0,N/A,N/A
The Georgia Society of CPAs,Nonprofit: Trade Organization,8,4,N/A,N/A
American Canning,Packaging,6,6,N/A,N/A
Avery Dennison,Packaging,9,0,N/A,N/A
AbbVie Inc.,Pharmaceutical,12,12,N/A,N/A
Agios Pharmaceuticals,Pharmaceutical,8,0,N/A,N/A
AstraZeneca,Pharmaceutical,6,52,N/A,N/A
Bayer AG,Pharmaceutical,4,12,N/A,N/A
Bayer HealthCare Pharmaceuticals,Pharmaceutical,4,1,N/A,N/A
Envigo,Pharmaceutical,6,0,N/A,N/A
Ferring Pharmaceuticals,Pharmaceutical,8,8,N/A,N/A
Kite Pharma,Pharmaceutical,12,0,N/A,N/A
"Merck & Co., Inc.",Pharmaceutical,9,8,N/A,N/A
Novartis,Pharmaceutical,13,6,N/A,N/A
Oceanic Pharmachem Pvt. Ltd.,Pharmaceutical,12,14,N/A,N/A
Otsuka Pharmaceutical,Pharmaceutical,8,0,N/A,N/A
Pfizer,Pharmaceutical,12,12,N/A,N/A
Reata Pharmaceuticals,Pharmaceutical,6,6,N/A,N/A
Recursion Pharmaceuticals,Pharmaceutical,12,0,N/A,N/A
Syneos Health,Pharmaceutical,14,38,N/A,N/A
Express Scripts Holding,Pharmacies & Drug Stores,2,6,N/A,N/A
OptumRx,Pharmacies & Drug Stores,12,12,N/A,N/A
Chan Zuckerberg Initiative,Philanthropy,16,4,N/A,N/A
Harold Grinspoon Foundation,Philanthropy,13,12,N/A,N/A
Open Society Foundations,Philanthropy,25,13,N/A,N/A
W. K. Kellogg Foundation,Philanthropy,32,0,N/A,N/A
BCW,Public Relations,4,0,N/A,N/A
Curley & Pynn,Public Relations,6,0,N/A,N/A
Edelman,Public Relations,12,0,N/A,N/A
Golin,Public Relations,8,27,N/A,N/A
MWWPR,Public Relations,12,N/A,12,N/A
Virgo Health,Public Relations,4,2,N/A,N/A
American City Business Journals,Publishing,12,0,N/A,N/A
Axel Springer,Publishing,16,52,N/A,N/A
Curriculum Associates,Publishing,12,0,N/A,N/A
Macmillan Learning,Publishing,14,0,N/A,N/A
Mcgraw Hill,Publishing,10.5,12,N/A,N/A
Penguin Random House,Publishing,10,0,N/A,N/A
NavigatorCRE,Real Estate,6,0,N/A,N/A
Keller Williams Realty,Real Estate: Brokers,13,0,N/A,N/A
Redfin,Real Estate: Brokers,16,4,N/A,N/A
Square Yards,Real Estate: Brokers,12,13,N/A,N/A
Wyse Home Team Realty,Real Estate: Brokers,4,52,N/A,N/A
CBRE,Real Estate: Development & Management,6,1,N/A,N/A
HILLS Properties,Real Estate: Development & Management,8,4,N/A,N/A
Jones Lang LaSalle,Real Estate: Development & Management,4,12,N/A,N/A
Ryan Companies,Real Estate: Development & Management,12,6,N/A,N/A
The Howard Hughes Corporation,Real Estate: Development & Management,12,0,N/A,N/A
David Weekley Homes,Real Estate: Home Building,12,24,N/A,N/A
PGIM Real Estate,Real Estate: Investment Trust,8,4,N/A,N/A
Uniti,Real Estate: Investment Trust,4,2,N/A,N/A
Blanton Turner,Real Estate: Management,4,12,N/A,N/A
Love's,Retail: Convenience Store,8,6,N/A,N/A
Hallmark Cards,"Retail: Crafts, Fabrics & Party Supplies",8,20,N/A,N/A
Michaels,"Retail: Crafts, Fabrics & Party Supplies",8,0,N/A,N/A
Belk,Retail: Department Store,8,4,N/A,N/A
Bloomingdale's,Retail: Department Store,12,0,N/A,N/A
Macy's,Retail: Department Store,11.5,6,N/A,N/A
Myer,Retail: Department Store,12,52,N/A,N/A
Nordstrom,Retail: Department Store,12,3,N/A,N/A
Aldi USA,Retail: Discount Store,6,4,N/A,N/A
BJs Wholesale Club,Retail: Discount Store,10,2,N/A,N/A
Costco,Retail: Discount Store,8,2,N/A,N/A
Dollar General,Retail: Discount Store,8,0,N/A,N/A
Ross Stores,Retail: Discount Store,6,6,N/A,N/A
Sprouts Farmers Market,Retail: Discount Store,3.5,5.5,N/A,N/A
Best Buy,Retail: Electronics,12,0,N/A,N/A
Crutchfield,Retail: Electronics,2,20,N/A,N/A
Telstra,Retail: Electronics,18,52,N/A,N/A
Central Garden & Pet,Retail: Furniture & Home Improvement,6,6,N/A,N/A
Floor & Decor,Retail: Furniture & Home Improvement,2,6,N/A,N/A
Sleep Number,Retail: Furniture & Home Improvement,4.5,3,N/A,N/A
Williams Sonoma,Retail: Furniture & Home Improvement,26,8,N/A,N/A
Kroger,Retail: General Merchandise,8,4,N/A,N/A
Lowe�s Home Improvement,Retail: General Merchandise,11,0,N/A,N/A
Petco,Retail: General Merchandise,2,52,N/A,N/A
Petsmart,Retail: General Merchandise,8,4,N/A,N/A
Tesco PLC,Retail: General Merchandise,27,18,N/A,N/A
Signet Jewelers,Retail: Jewelery,9,3,N/A,N/A
Drizly,Retail: Liquor,6,6,N/A,N/A
Custom Ink,Retail: Online,3,8,N/A,N/A
Overstock.com,Retail: Online,4,N/A,4,N/A
Zola,Retail: Online,12,4,N/A,N/A
Academy Sports + Outdoors,Retail: Other,6,1,N/A,N/A
Accent Decor,Retail: Other,3,12,N/A,N/A
Guitar Center,Retail: Other,7,2,N/A,N/A
Marshall Retail Group,Retail: Other,9,0,N/A,N/A
Uncommon Goods,Retail: Other,10,2,N/A,N/A
ANN Inc.,"Retail: Shoes, Accessories and Apparel",6,6,N/A,N/A
Athleta,"Retail: Shoes, Accessories and Apparel",15,0,N/A,N/A
Calvin Klein,"Retail: Shoes, Accessories and Apparel",8,4,N/A,N/A
DICK'S Sporting Goods,"Retail: Shoes, Accessories and Apparel",9,4,N/A,N/A
DSW,"Retail: Shoes, Accessories and Apparel",11,0,N/A,N/A
Esprit,"Retail: Shoes, Accessories and Apparel",6,16,N/A,N/A
Evisons,"Retail: Shoes, Accessories and Apparel",6,0,N/A,N/A
Fossil,"Retail: Shoes, Accessories and Apparel",6,9,N/A,N/A
Haggar,"Retail: Shoes, Accessories and Apparel",6,24,N/A,N/A
Hollister,"Retail: Shoes, Accessories and Apparel",6,12,N/A,N/A
J.Crew,"Retail: Shoes, Accessories and Apparel",4.5,4,N/A,N/A
"Jockey International, Inc.","Retail: Shoes, Accessories and Apparel",6,6,N/A,N/A
Lands' End,"Retail: Shoes, Accessories and Apparel",8,4,N/A,N/A
Levi Strauss & Co.,"Retail: Shoes, Accessories and Apparel",12,21,N/A,N/A
Lululemon Athletica,"Retail: Shoes, Accessories and Apparel",24,0,N/A,N/A
New Balance,"Retail: Shoes, Accessories and Apparel",20,4,N/A,N/A
PVH Corp.,"Retail: Shoes, Accessories and Apparel",6,4,N/A,N/A
"Reebok International, Ltd.","Retail: Shoes, Accessories and Apparel",8,8,N/A,N/A
REI,"Retail: Shoes, Accessories and Apparel",16,6,N/A,N/A
Trunk Club,"Retail: Shoes, Accessories and Apparel",12,0,N/A,N/A
Uniqlo,"Retail: Shoes, Accessories and Apparel",0,0,N/A,N/A
Meredith Digital,Retail: Stationary & Office Supplies,12,0,N/A,N/A
Office Depot,Retail: Stationary & Office Supplies,6,8,N/A,N/A
Ahold Delhaize,Retail: Supermarket Company,6,6,N/A,N/A
Family Dollar,Retail: Supermarket Company,9,0,N/A,N/A
Hy-Vee,Retail: Supermarket Company,8,4,N/A,N/A
Lowes Foods,Retail: Supermarket Company,15,15,N/A,N/A
CozyKin,Services: Daycare,6,6,N/A,N/A
EasyWayPaper,Services: Other,30,5,N/A,N/A
Essay 4 Students,Services: Other,25,5,N/A,N/A
Industrious,Services: Other,0,4,N/A,N/A
International SOS,Services: Other,16,0,N/A,N/A
Sunrun,Services: Other,10,0,N/A,N/A
Terminix,Services: Other,13,6.5,N/A,N/A
Uno Assignment Help,Services: Other,4,6,N/A,N/A
TransPerfect,Services: Translation,8,4,N/A,N/A
"Clean Harbors, Inc.",Services: Waste Management,0,12,N/A,N/A
"Republic Services, Inc.",Services: Waste Management,8,0,N/A,N/A
Waste Connections,Services: Waste Management,6,12,N/A,N/A
WIN Waste Innovations,Services: Waste Management,12,12,N/A,N/A
Nike,Sporting Goods,12,12,N/A,N/A
Trek Bikes,Sporting Goods,12,0,N/A,N/A
National Football League,Sports,16,0,N/A,N/A
Round Rock Express,Sports,1,0,N/A,N/A
Braze,Technology,18,2,N/A,N/A
Akamai,Technology: B2B Tech Services,11,6,N/A,N/A
Amazon Web Services,Technology: B2B Tech Services,12,5.5,N/A,N/A
Atos,Technology: B2B Tech Services,8,0,N/A,N/A
Bepress,Technology: B2B Tech Services,14,26,N/A,N/A
CACI International,Technology: B2B Tech Services,3,9,N/A,N/A
CDK Global,Technology: B2B Tech Services,9,25.5,N/A,N/A
Chartbeat,Technology: B2B Tech Services,26,26,N/A,N/A
Cognizant,Technology: B2B Tech Services,4,2,N/A,N/A
Cubic Corporation,Technology: B2B Tech Services,4,0,N/A,N/A
"Datto, Inc.",Technology: B2B Tech Services,16,0,N/A,N/A
"DMI, Inc.",Technology: B2B Tech Services,2,6,N/A,N/A
Impinj,Technology: B2B Tech Services,12,0,N/A,N/A
Iron Mountain,Technology: B2B Tech Services,5,9,N/A,N/A
Knowable,Technology: B2B Tech Services,11,2,N/A,N/A
Leidos,Technology: B2B Tech Services,4,5,N/A,N/A
Luxoft,Technology: B2B Tech Services,26,12,N/A,N/A
MediaMath,Technology: B2B Tech Services,10,0,N/A,N/A
MEDITECH,Technology: B2B Tech Services,16,0,N/A,N/A
MPAY,Technology: B2B Tech Services,4,0,N/A,N/A
NCR Corporation,Technology: B2B Tech Services,17,20,N/A,N/A
Optoro,Technology: B2B Tech Services,6,5,N/A,N/A
Quantcast,Technology: B2B Tech Services,4,8,N/A,N/A
Recurly,Technology: B2B Tech Services,6,0,N/A,N/A
Sirius Computer Solutions,Technology: B2B Tech Services,4,8,N/A,N/A
Teradata,Technology: B2B Tech Services,8,8,N/A,N/A
Twilio,Technology: B2B Tech Services,16,20,N/A,N/A
Unisys,Technology: B2B Tech Services,12,0,N/A,N/A
Volt Information Sciences,Technology: B2B Tech Services,6,6,N/A,N/A
Wipro,Technology: B2B Tech Services,16,8,N/A,N/A
Airbnb,Technology: Consumer Internet,21,2,N/A,N/A
AOL,Technology: Consumer Internet,12,12,N/A,N/A
BentoBox,Technology: Consumer Internet,12,0,N/A,N/A
BlaBlaCar,Technology: Consumer Internet,12,0,N/A,N/A
Booking.com,Technology: Consumer Internet,22,10.5,N/A,N/A
CampusLogic,Technology: Consumer Internet,10,0,N/A,N/A
CarMax,Technology: Consumer Internet,6,9,N/A,N/A
Carsales,Technology: Consumer Internet,16,N/A,2,N/A
ChowNow,Technology: Consumer Internet,15,0,N/A,N/A
Cloudworkers,Technology: Consumer Internet,52,0,N/A,N/A
Comoto Holdings,Technology: Consumer Internet,12,26,N/A,N/A
Divercity,Technology: Consumer Internet,1,1,N/A,N/A
DoorDash,Technology: Consumer Internet,10,0,N/A,N/A
Freewheel,Technology: Consumer Internet,12,4,N/A,N/A
Genius,Technology: Consumer Internet,12,4,N/A,N/A
GoDaddy,Technology: Consumer Internet,17,9,N/A,N/A
Groupon,Technology: Consumer Internet,14,0,N/A,N/A
Grubhub,Technology: Consumer Internet,12,0,N/A,N/A
Ibotta,Technology: Consumer Internet,4,0,N/A,N/A
Indiegogo,Technology: Consumer Internet,10,10,N/A,N/A
Justworks,Technology: Consumer Internet,14,2,N/A,N/A
LaunchGood,Technology: Consumer Internet,12,12,N/A,N/A
Lyft,Technology: Consumer Internet,12,18,N/A,N/A
Match,Technology: Consumer Internet,16,0,N/A,N/A
Match Group,Technology: Consumer Internet,14,0,N/A,N/A
Meta,Technology: Consumer Internet,22,0,N/A,N/A
MindSumo,Technology: Consumer Internet,12,0,N/A,N/A
Nerdwallet,Technology: Consumer Internet,12,0,N/A,N/A
Netflix,Technology: Consumer Internet,52,0,N/A,N/A
"Noom, inc.",Technology: Consumer Internet,12,6,N/A,N/A
Offerup,Technology: Consumer Internet,8,8,N/A,N/A
OLX Group,Technology: Consumer Internet,19.5,26,N/A,N/A
ON Semiconductor,Technology: Consumer Internet,4,2,N/A,N/A
Peapod Digital Labs,Technology: Consumer Internet,12,6,N/A,N/A
Postmates,Technology: Consumer Internet,16,N/A,16,N/A
Rally Health,Technology: Consumer Internet,18,0,N/A,N/A
Reddit,Technology: Consumer Internet,16,N/A,16,N/A
Shopify,Technology: Consumer Internet,26,26,N/A,N/A
Spotify,Technology: Consumer Internet,24,2.5,N/A,N/A
Spring Health,Technology: Consumer Internet,18,0,N/A,N/A
Squarespace,Technology: Consumer Internet,20,0,N/A,N/A
Travelzoo,Technology: Consumer Internet,4,0,N/A,N/A
Twitter,Technology: Consumer Internet,20,2.5,N/A,N/A
WorkMarket,Technology: Consumer Internet,10,4,N/A,N/A
Yelp,Technology: Consumer Internet,14,0,N/A,N/A
YouTube,Technology: Consumer Internet,15,2,N/A,N/A
Zillow,Technology: Consumer Internet,4,2,N/A,N/A
Zumper,Technology: Consumer Internet,12,0,N/A,N/A
Enova,Technology: Financial Services,10,0,N/A,N/A
Funding Circle,Technology: Financial Services,13,N/A,2,N/A
Kabbage,Technology: Financial Services,12,0,N/A,N/A
Amazon Games,Technology: Gaming,12,12,N/A,N/A
Roblox,Technology: Gaming,16,0.5,N/A,N/A
Advantest,Technology: Manufacturing,12,0,N/A,N/A
Analog Devices,Technology: Manufacturing,8,3,N/A,N/A
Aruba Networks,Technology: Manufacturing,24,2,N/A,N/A
Cadence Design Systems,Technology: Manufacturing,12,4,N/A,N/A
Cirrus Logic,Technology: Manufacturing,12,0,N/A,N/A
Ericsson,Technology: Manufacturing,16,0,N/A,N/A
GlobalFoundries,Technology: Manufacturing,20,0,N/A,N/A
HP Inc.,Technology: Manufacturing,14,6,N/A,N/A
Infineon Technologies,Technology: Manufacturing,1,N/A,1,N/A
Itron,Technology: Manufacturing,12,4,N/A,N/A
Juniper Networks,Technology: Manufacturing,16,46,N/A,N/A
KLA-Tencor Corporation,Technology: Manufacturing,12,6,N/A,N/A
Lenovo,Technology: Manufacturing,24,0,N/A,N/A
Markforged,Technology: Manufacturing,6,12,N/A,N/A
Molecular Devices,Technology: Manufacturing,14,4,N/A,N/A
National Instruments,Technology: Manufacturing,6,12,N/A,N/A
Roku,Technology: Manufacturing,16,8,N/A,N/A
Seagate Technology,Technology: Manufacturing,16,0,N/A,N/A
Siemens Energy,Technology: Manufacturing,6,4,N/A,N/A
Snap Inc.,Technology: Manufacturing,14,8,N/A,N/A
Texas Instruments,Technology: Manufacturing,12,N/A,4,N/A
Currencycloud,Technology: Payments,13,0,N/A,N/A
Gusto,Technology: Payments,16,10,N/A,N/A
Ingenico Group,Technology: Payments,12,40,N/A,N/A
MineralTree,Technology: Payments,12,0,N/A,N/A
Pangea Money Transfer,Technology: Payments,12,0,N/A,N/A
PayPal,Technology: Payments,13,3,N/A,N/A
Plastiq,Technology: Payments,12,6,N/A,N/A
Ramp,Technology: Payments,12,0,N/A,N/A
Square,Technology: Payments,16,0,N/A,N/A
Magic Leap,Technology: Research,18,0,N/A,N/A
ADT Security Services,Technology: Security,5,5,N/A,N/A
Alarm.com,Technology: Security,8,0,N/A,N/A
Brivo,Technology: Security,8,0,N/A,N/A
Coalfire,Technology: Security,10,6,N/A,N/A
CrowdStrike,Technology: Security,9,11,N/A,N/A
Entrust,Technology: Security,12,2,N/A,N/A
RSA,Technology: Security,18,0,N/A,N/A
Trustwave Holdings,Technology: Security,12,12,N/A,N/A
Agilysys,Technology: Software,6,0,N/A,N/A
Alkami Technology,Technology: Software,12,0,N/A,N/A
Alteryx,Technology: Software,12,0,N/A,N/A
Amplitude,Technology: Software,12,N/A,12,N/A
Anant Corporation,Technology: Software,4,2,N/A,N/A
Ansys,Technology: Software,6,6,N/A,N/A
AppDynamics,Technology: Software,13,0,N/A,N/A
Aquicore,Technology: Software,12,0,N/A,N/A
ArisGlobal,Technology: Software,12,4,N/A,N/A
Atlassian,Technology: Software,25,0,N/A,N/A
Automox,Technology: Software,12,0,N/A,N/A
"Aware, Inc",Technology: Software,15.5,0,N/A,N/A
Axon,Technology: Software,12,0,N/A,N/A
"Bentley Systems, Inc.",Technology: Software,6,6,N/A,N/A
BigCommerce,Technology: Software,12,0,N/A,N/A
Bitdefender,Technology: Software,52,52,N/A,N/A
Blackbaud,Technology: Software,12,0,N/A,N/A
Bullhorn,Technology: Software,12,0,N/A,N/A
CallRail,Technology: Software,6,12,N/A,N/A
Canva,Technology: Software,18,23,N/A,N/A
CareValidate,Technology: Software,8,0,N/A,N/A
CentralSquare Technologies,Technology: Software,12,0,N/A,N/A
Ceridian,Technology: Software,14,1,N/A,N/A
Citrix,Technology: Software,18,6,N/A,N/A
ClearPoint Strategy,Technology: Software,6,0,N/A,N/A
Cludo,Technology: Software,12,0,N/A,N/A
Collective Health,Technology: Software,6,6,N/A,N/A
Collibra,Technology: Software,21,6.5,N/A,N/A
Community Brands,Technology: Software,6,12,N/A,N/A
ConsenSys,Technology: Software,12,12,N/A,N/A
Conviva,Technology: Software,6,6,N/A,N/A
Convoy,Technology: Software,12,16,N/A,N/A
Coupa,Technology: Software,3,9,N/A,N/A
Dassault Systemes,Technology: Software,7,3,N/A,N/A
Detechtion Technologies,Technology: Software,1,4,N/A,N/A
Digit,Technology: Software,18,0,N/A,N/A
DISCO,Technology: Software,12,0,N/A,N/A
Donnelley Financial Solutions,Technology: Software,5,8,N/A,N/A
Doximity,Technology: Software,12,0,N/A,N/A
DxMinds Technologies Inc,Technology: Software,10,10,N/A,N/A
Dynatrace,Technology: Software,52,52,N/A,N/A
Ellevation Education,Technology: Software,8,0,N/A,N/A
Engrain,Technology: Software,8,0,N/A,N/A
ePublishing,Technology: Software,2,2,N/A,N/A
Esri,Technology: Software,6,0,N/A,N/A
Expeed Software,Technology: Software,24,0,N/A,N/A
Fearless,Technology: Software,6,3,N/A,N/A
Flexera Software,Technology: Software,8,8,N/A,N/A
FreshBooks,Technology: Software,32,0,N/A,N/A
Freshworks,Technology: Software,8,2,N/A,N/A
Frontline Education,Technology: Software,9,3,N/A,N/A
Fusion Risk Management,Technology: Software,12,0,N/A,N/A
GlossGenius,Technology: Software,16,0,N/A,N/A
Gong,Technology: Software,16,0,N/A,N/A
GoodCore Software,Technology: Software,12,0,N/A,N/A
Higher Logic,Technology: Software,12,0,N/A,N/A
"HubSpot, Inc.",Technology: Software,16,8,N/A,N/A
Hudl,Technology: Software,6,0,N/A,N/A
"iCIMS, Inc.",Technology: Software,14,30,N/A,N/A
Infor,Technology: Software,16,0,N/A,N/A
Informatica,Technology: Software,16,0,N/A,N/A
InsightSquared,Technology: Software,12,0,N/A,N/A
Instructure,Technology: Software,3,9,N/A,N/A
Integrity Software,Technology: Software,6,46,N/A,N/A
Intellimize,Technology: Software,14,0,N/A,N/A
"Intuit, Inc",Technology: Software,12,8,N/A,N/A
JHC Systems,Technology: Software,52,0,N/A,N/A
Juice Analytics,Technology: Software,4,0,N/A,N/A
Kajabi,Technology: Software,1,12,N/A,N/A
Khoros,Technology: Software,12,3,N/A,N/A
LevaData,Technology: Software,6,6,N/A,N/A
Lionbridge,Technology: Software,8,4,N/A,N/A
Lithero,Technology: Software,8,4,N/A,N/A
Mad Mobile,Technology: Software,2,10,N/A,N/A
Maestro,Technology: Software,16,0,N/A,N/A
Mapbox,Technology: Software,10,2,N/A,N/A
MaritzCX,Technology: Software,12,0,N/A,N/A
Medallia,Technology: Software,12,2,N/A,N/A
Microsoft,Technology: Software,12,3,N/A,N/A
MicroStrategy,Technology: Software,17,6,N/A,N/A
MobileIron,Technology: Software,12,16,N/A,N/A
Mode Mobile,Technology: Software,4,8,N/A,N/A
"MongoDB, Inc.",Technology: Software,20,0,N/A,N/A
Motus LLC,Technology: Software,16,0,N/A,N/A
Netskope,Technology: Software,6,0,N/A,N/A
NetSuite Inc.,Technology: Software,16,47,N/A,N/A
New Relic,Technology: Software,12,6,N/A,N/A
Nextech,Technology: Software,6,6,N/A,N/A
NextGen Healthcare,Technology: Software,2,12,N/A,N/A
Nutanix,Technology: Software,17,0,N/A,N/A
OfferFit,Technology: Software,12,8,N/A,N/A
Palantir,Technology: Software,30,38,N/A,N/A
PandaDoc,Technology: Software,20,40,N/A,N/A
panOpen,Technology: Software,2,0,N/A,N/A
"Panopto, Inc.",Technology: Software,12,4,N/A,N/A
Patron Technology,Technology: Software,14,8,N/A,N/A
Paylocity,Technology: Software,7,5,N/A,N/A
Pear Therapeutics,Technology: Software,6,4,N/A,N/A
Persistent Systems,Technology: Software,12,0,N/A,N/A
Pexip,Technology: Software,8,4,N/A,N/A
PhotoShelter,Technology: Software,12,0,N/A,N/A
Praxent,Technology: Software,2,2,N/A,N/A
Privitar Ltd,Technology: Software,20,13,N/A,N/A
Procore Technologies,Technology: Software,16,0,N/A,N/A
Qualtrics,Technology: Software,6,12,N/A,N/A
Rangle.io,Technology: Software,52,0,N/A,N/A
Red Hat,Technology: Software,0,0,N/A,N/A
Rosetta Stone,Technology: Software,14,0,N/A,N/A
Safety Labs Inc,Technology: Software,15,0,N/A,N/A
Sage,Technology: Software,12,0,N/A,N/A
SAP,Technology: Software,12,3,N/A,N/A
SAS,Technology: Software,8,4,N/A,N/A
Screencastify,Technology: Software,6,12,N/A,N/A
ServiceTitan,Technology: Software,12,11,N/A,N/A
Siemens Digital Industries Software,Technology: Software,6,11,N/A,N/A
Signzy Technology Private Limited,Technology: Software,3,3,N/A,N/A
SmartBear Software,Technology: Software,16,0,N/A,N/A
Splunk,Technology: Software,16,0,N/A,N/A
Storable,Technology: Software,12,0,N/A,N/A
Tableau Software,Technology: Software,12,0,N/A,N/A
Taboola,Technology: Software,26,0,N/A,N/A
Talkdesk,Technology: Software,16,N/A,8,N/A
TIBCO Software,Technology: Software,14,10,N/A,N/A
Triton Digital,Technology: Software,12,0,N/A,N/A
Veeva Systems,Technology: Software,12,12,N/A,N/A
VMware,Technology: Software,18,0,N/A,N/A
WGU Labs,Technology: Software,12,12,N/A,N/A
Workday,Technology: Software,12,0,N/A,N/A
WorkJam,Technology: Software,52,0,N/A,N/A
"Wrike, Inc.",Technology: Software,8,8,N/A,N/A
Xactly Corporation,Technology: Software,6,6,N/A,N/A
Xandr,Technology: Software,12,0,N/A,N/A
Zapier,Technology: Software,14,0,N/A,N/A
 Charter Communications,Telecommunications,8,12,N/A,N/A
Asurion,Telecommunications,12,8,N/A,N/A
AT&T,Telecommunications,9,6,N/A,N/A
Ciena,Telecommunications,18,0,N/A,N/A
Comcast,Telecommunications,12,4,N/A,N/A
Cox,Telecommunications,8,8,N/A,N/A
G Fiber,Telecommunications,13,2,N/A,N/A
Hughes Network Systems,Telecommunications,16,0,N/A,N/A
Qualcomm Incorporated,Telecommunications,12,12,N/A,N/A
"RingCentral, Inc.",Telecommunications,12,4,N/A,N/A
Telnyx,Telecommunications,12,8,N/A,N/A
Viettel Group,Telecommunications,24,52,N/A,N/A
Zara,Textiles,6,4,N/A,N/A
FlixBus,Transportation: Bus,52,0,N/A,N/A
UPS,Transportation: Couriers & Delivery,3,8,N/A,N/A
CSX Corporation,Transportation: Freight & Logistics,16,52,N/A,N/A
Dematic,Transportation: Freight & Logistics,6,6,N/A,N/A
Echo Global Logistics,Transportation: Freight & Logistics,4,4,N/A,N/A
Redwood Logistics,Transportation: Freight & Logistics,4.5,1,N/A,N/A
Transplace,Transportation: Freight & Logistics,5,6,N/A,N/A
UniGroup,Transportation: Freight & Logistics,4,0,N/A,N/A
American Airlines,Transportation: Passenger Air,10.5,6,N/A,N/A
Southwest Airlines,Transportation: Passenger Air,12,12,N/A,N/A
United Airlines,Transportation: Passenger Air,6,0,N/A,N/A
Amtrak,Transportation: Rail,6,0,N/A,N/A
BNSF Logistics,Transportation: Rail,12,0,N/A,N/A
Kansas City Southern,Transportation: Rail,6,6,N/A,N/A
"Avis Budget Group, Inc.",Transportation: Rental,6,6,N/A,N/A
Enterprise Holdings,Transportation: Rental,12,12,N/A,N/A
"Hertz Global Holdings, Inc.",Transportation: Rental,12,0,N/A,N/A
ISO New England,Utilities,2,8,N/A,N/A
Equinox,Wellness & Fitness,6,12,N/A,N/A
THE WELL,Wellness & Fitness,12,0,N/A,N/A
C&S Wholesale Grocers,Wholesale,6,12,N/A,N/A
Martine's Wines,Wholesale,6,0,N/A,N/A
Sonepar,Wholesale,8,12,N/A,N/A
Sonepar USA,Wholesale,6,12,N/A,N/A
Worldwide Produce,Wholesale,6,0,N/A,N/A
Daggerwing Group Inc.,Advertising,1,N/A,N/A,N/A
KBS,Advertising,2,N/A,N/A,N/A
Wilson Dow Group,Advertising,1,N/A,N/A,N/A
Compass Group PLC,Business Services: Food & Hospitality,0,N/A,N/A,N/A
Hays PLC,Business Services: Staffing & Outsourcing,2,N/A,N/A,N/A
S.i. Systems,Business Services: Staffing & Outsourcing,0,N/A,N/A,N/A
Vectrus,Conglomerate,40,N/A,N/A,N/A
Scentsy,Consumer Packaged Goods: Packaged Products,52,N/A,N/A,N/A
Yankee Candle,Consumer Packaged Goods: Packaged Products,12,N/A,N/A,N/A
Weill Cornell Medicine,Educational Services: College & Universities,12.5,N/A,N/A,N/A
Round Rock ISD,Educational Services: Management,0,N/A,N/A,N/A
Austin Independent School District,Educational Services: School,1,N/A,N/A,N/A
Bain Capital,Finance: Asset Management,16,N/A,N/A,N/A
KKR & Co. LP,Finance: Asset Management,16,N/A,N/A,N/A
Nationwide Building Society,Finance: Diversified,26,N/A,N/A,N/A
Carbon Health,Healthcare: Hospitals & Clinics,12,N/A,N/A,N/A
Nemours,Healthcare: Hospitals & Clinics,0,N/A,N/A,N/A
ProMedica,Healthcare: Hospitals & Clinics,0,N/A,N/A,N/A
Trinity Health System,Healthcare: Hospitals & Clinics,2,N/A,N/A,N/A
University Hospitals,Healthcare: Hospitals & Clinics,0,N/A,N/A,N/A
"NxStage Medical, Inc.",Healthcare: Medical Devices,0,N/A,N/A,N/A
Intercontinental Hotels Group,Hospitality: Hotels,50,N/A,N/A,N/A
Waffle House,Hospitality: Restaurants,6,N/A,N/A,N/A
Whataburger,Hospitality: Restaurants,40,N/A,N/A,N/A
Pella Windows and Doors,Industrial: Building Materials Manufacturing,12,N/A,N/A,N/A
American Bridge Company,Industrial: Construction Company,0,N/A,N/A,N/A
Black & Veatch,Industrial: Construction Company,12,N/A,N/A,N/A
Bhel,Industrial: Equipment Manufacturing,50,N/A,N/A,N/A
Macy's Technology,Information Services: Technology,8,N/A,N/A,N/A
Wisetech Global,Information Services: Technology,0,N/A,N/A,N/A
Yext,Information Services: Technology,16,N/A,N/A,N/A
"Matrix Absence Management, Inc.",Insurance: Diversified,8,N/A,N/A,N/A
Elevance Health,Insurance: Health,6,N/A,N/A,N/A
Auto-Owners Insurance,Insurance: Property & Casualty,1,N/A,N/A,N/A
Hapag-Lloyd,Maritime,14,N/A,N/A,N/A
BASF,Natural Resources: Chemicals,18,N/A,N/A,N/A
Alpha Natural Resources,Natural Resources: Metals & Mining,6,N/A,N/A,N/A
Barrick Gold Corporation,Natural Resources: Metals & Mining,30,N/A,N/A,N/A
BP,Natural Resources: Oil & Gas,16,N/A,N/A,N/A
Halliburton,Natural Resources: Oilfield Services,8,N/A,N/A,N/A
"National Oilwell Varco, Inc.",Natural Resources: Oilfield Services,2,N/A,N/A,N/A
Silicon Valley Employers Forum,Nonprofit: Trade Organization,12,N/A,N/A,N/A
SPEEA,Nonprofit: Trade Organization,0,N/A,N/A,N/A
AmerisourceBergen,Pharmaceutical,8,N/A,N/A,N/A
Transwestern,Real Estate: Development & Management,7,N/A,N/A,N/A
Trader Joe�s,Retail: Convenience Store,0,N/A,N/A,N/A
Harrods,Retail: Department Store,10,N/A,N/A,N/A
Tractor Supply Company,Retail: General Merchandise,6,N/A,N/A,N/A
American Eagle Outfitters,"Retail: Shoes, Accessories and Apparel",4,N/A,N/A,N/A
LVMH,"Retail: Shoes, Accessories and Apparel",10,N/A,N/A,N/A
Steve Madden,"Retail: Shoes, Accessories and Apparel",6,N/A,N/A,N/A
Food Lion,Retail: Supermarket Company,0,N/A,N/A,N/A
Bright Horizons,Services: Daycare,0,N/A,N/A,N/A
Talent Inc.,Services: Other,10,N/A,N/A,N/A
SHI International Corp.,Technology: B2B Tech Services,0,N/A,N/A,N/A
Vistaprint,Technology: Consumer Internet,16,N/A,N/A,N/A
Fujifilm Global,Technology: Manufacturing,12,N/A,N/A,N/A
PlayStation,Technology: Manufacturing,12,N/A,N/A,N/A
Druva,Technology: Software,2,N/A,N/A,N/A
SurveyGizmo,Technology: Software,4,N/A,N/A,N/A
Xero,Technology: Software,6,N/A,N/A,N/A
Fedex Supply Chain,Transportation: Freight & Logistics,2,N/A,N/A,N/A
Schneider National,Transportation: Freight & Logistics,0,N/A,N/A,N/A
HD Supply,Wholesale,14,N/A,N/A,N/A
Merrimac Industrial Sales,Wholesale,0,N/A,N/A,N/A
